Workbook

Sheet Datos originales
A1: REVISIÓN CON CÓDIGO rWCVP | H1: RESULTADOS COMBINADOS ÚLTIMA REVISIÓN
A2: Genero.especie | B2: Nombre_aceptado_GBIF | C2: Nombre_aceptado_WCVP | D2: Nombre_aceptado_WFO | E2: Comparacion_tres_fuentes | F2: Detalle_comparacion | G2: Fuente | H2: Nombre_aceptado_GBIF | I2: Nombre_aceptado_WCVP (www.worldfloraonline.org) | J2: Nombre_aceptado_POWO (www.powo.science.kew.org) | K2: Nombre_aceptado_COL (www.catalogueoflife.org) | L2: Nombre_aceptado_WP (www.worldplants.de) | M2: N° de fuentes que coinciden | N2: Especie actual
A3: Abelia.grandiflora | B3: Abelia chinensis | E3: Revisar | F3: Falta resultado en una o más fuentes | G3: World Checklist of Vascular Plants (WCVP), base mantenida por Royal Botanic Gardens, Kew. | H3: =VLOOKUP(A3,Revisión!$A$2:$L$703,6,FALSE) -> Abelia × grandiflora | I3: =VLOOKUP(A3,Revisión!$A$2:$L$703,7,FALSE) -> Abelia × grandiflora | J3: =VLOOKUP(A3,Revisión!$A$2:$L$703,8,FALSE) -> Abelia × grandiflora | K3: =VLOOKUP(A3,Revisión!$A$2:$L$703,9,FALSE) -> - | L3: =VLOOKUP(A3,Revisión!$A$2:$L$703,10,FALSE) -> - | M3: =VLOOKUP(A3,Revisión!$A$2:$L$703,11,FALSE) -> 3 | N3: =IF(E3="Coinciden",D3,IF(E3="Revisar",VLOOKUP(A3,Revisión!$A$2:$L$703,12,FALSE),"")) -> Abelia × grandiflora
A4: Abelia.sp1.M.PL.054 | E4: Revisar | F4: Sin resultados en las tres fuentes | G4: rGbif | H4: =VLOOKUP(A4,Revisión!$A$2:$L$703,6,FALSE) -> #N/A | I4: =VLOOKUP(A4,Revisión!$A$2:$L$703,7,FALSE) -> #N/A | J4: =VLOOKUP(A4,Revisión!$A$2:$L$703,8,FALSE) -> #N/A | K4: =VLOOKUP(A4,Revisión!$A$2:$L$703,9,FALSE) -> #N/A | L4: =VLOOKUP(A4,Revisión!$A$2:$L$703,10,FALSE) -> #N/A | M4: =VLOOKUP(A4,Revisión!$A$2:$L$703,11,FALSE) -> #N/A | N4: =IF(E4="Coinciden",D4,IF(E4="Revisar",VLOOKUP(A4,Revisión!$A$2:$L$703,12,FALSE),"")) -> #N/A
A5: Abelia.serrata | B5: Diabelia serrata | C5: Diabelia serrata | D5: Linnaea serrata | E5: Revisar | F5: Coinciden GBIF y rWCVP; WFO es diferente | G5: taxonomic backbone de World Flora Online (WFO). WFO se desarrolló a partir de The Plant List | H5: =VLOOKUP(A5,Revisión!$A$2:$L$703,6,FALSE) -> Diabelia serrata | I5: =VLOOKUP(A5,Revisión!$A$2:$L$703,7,FALSE) -> Diabelia serrata | J5: =VLOOKUP(A5,Revisión!$A$2:$L$703,8,FALSE) -> Diabelia serrata | K5: =VLOOKUP(A5,Revisión!$A$2:$L$703,9,FALSE) -> - | L5: =VLOOKUP(A5,Revisión!$A$2:$L$703,10,FALSE) -> - | M5: =VLOOKUP(A5,Revisión!$A$2:$L$703,11,FALSE) -> 3 | N5: =IF(E5="Coinciden",D5,IF(E5="Revisar",VLOOKUP(A5,Revisión!$A$2:$L$703,12,FALSE),"")) -> Diabelia serrata
A6: Abelmoschus.manihot | B6: Abelmoschus manihot | C6: Abelmoschus manihot | D6: Abelmoschus manihot | E6: Coinciden | F6: Coinciden las tres fuentes | H6: =VLOOKUP(A6,Revisión!$A$2:$L$703,6,FALSE) -> #N/A | I6: =VLOOKUP(A6,Revisión!$A$2:$L$703,7,FALSE) -> #N/A | J6: =VLOOKUP(A6,Revisión!$A$2:$L$703,8,FALSE) -> #N/A | K6: =VLOOKUP(A6,Revisión!$A$2:$L$703,9,FALSE) -> #N/A | L6: =VLOOKUP(A6,Revisión!$A$2:$L$703,10,FALSE) -> #N/A | M6: =VLOOKUP(A6,Revisión!$A$2:$L$703,11,FALSE) -> #N/A | N6: =IF(E6="Coinciden",D6,IF(E6="Revisar",VLOOKUP(A6,Revisión!$A$2:$L$703,12,FALSE),"")) -> Abelmoschus manihot
A7: Abutilon.depauperatum | B7: Abutilon depauperatum | C7: Pseudabutilon depauperatum | D7: Pseudabutilon depauperatum | E7: Revisar | F7: Coinciden rWCVP y WFO; GBIF es diferente | H7: =VLOOKUP(A7,Revisión!$A$2:$L$703,6,FALSE) -> Pseudabutilon depauperatum | I7: =VLOOKUP(A7,Revisión!$A$2:$L$703,7,FALSE) -> Pseudabutilon depauperatum | J7: =VLOOKUP(A7,Revisión!$A$2:$L$703,8,FALSE) -> Pseudabutilon depauperatum | K7: =VLOOKUP(A7,Revisión!$A$2:$L$703,9,FALSE) -> - | L7: =VLOOKUP(A7,Revisión!$A$2:$L$703,10,FALSE) -> - | M7: =VLOOKUP(A7,Revisión!$A$2:$L$703,11,FALSE) -> 3 | N7: =IF(E7="Coinciden",D7,IF(E7="Revisar",VLOOKUP(A7,Revisión!$A$2:$L$703,12,FALSE),"")) -> Pseudabutilon depauperatum
A8: Abutilon.terminale | B8: Abutilon terminale | C8: Abutilon terminale | D8: Abutilon terminale | E8: Coinciden | F8: Coinciden las tres fuentes | H8: =VLOOKUP(A8,Revisión!$A$2:$L$703,6,FALSE) -> #N/A | I8: =VLOOKUP(A8,Revisión!$A$2:$L$703,7,FALSE) -> #N/A | J8: =VLOOKUP(A8,Revisión!$A$2:$L$703,8,FALSE) -> #N/A | K8: =VLOOKUP(A8,Revisión!$A$2:$L$703,9,FALSE) -> #N/A | L8: =VLOOKUP(A8,Revisión!$A$2:$L$703,10,FALSE) -> #N/A | M8: =VLOOKUP(A8,Revisión!$A$2:$L$703,11,FALSE) -> #N/A | N8: =IF(E8="Coinciden",D8,IF(E8="Revisar",VLOOKUP(A8,Revisión!$A$2:$L$703,12,FALSE),"")) -> Abutilon terminale
A9: Abutilon.theophrasti | B9: Abutilon theophrasti | C9: Abutilon theophrasti | D9: Abutilon theophrasti | E9: Coinciden | F9: Coinciden las tres fuentes | H9: =VLOOKUP(A9,Revisión!$A$2:$L$703,6,FALSE) -> #N/A | I9: =VLOOKUP(A9,Revisión!$A$2:$L$703,7,FALSE) -> #N/A | J9: =VLOOKUP(A9,Revisión!$A$2:$L$703,8,FALSE) -> #N/A | K9: =VLOOKUP(A9,Revisión!$A$2:$L$703,9,FALSE) -> #N/A | L9: =VLOOKUP(A9,Revisión!$A$2:$L$703,10,FALSE) -> #N/A | M9: =VLOOKUP(A9,Revisión!$A$2:$L$703,11,FALSE) -> #N/A | N9: =IF(E9="Coinciden",D9,IF(E9="Revisar",VLOOKUP(A9,Revisión!$A$2:$L$703,12,FALSE),"")) -> Abutilon theophrasti
A10: Acacia.insulae-iacobi | B10: Vachellia insulae-iacobi | C10: Vachellia insulae-iacobi | D10: Vachellia insulae-iacobi | E10: Coinciden | F10: Coinciden las tres fuentes | H10: =VLOOKUP(A10,Revisión!$A$2:$L$703,6,FALSE) -> #N/A | I10: =VLOOKUP(A10,Revisión!$A$2:$L$703,7,FALSE) -> #N/A | J10: =VLOOKUP(A10,Revisión!$A$2:$L$703,8,FALSE) -> #N/A | K10: =VLOOKUP(A10,Revisión!$A$2:$L$703,9,FALSE) -> #N/A | L10: =VLOOKUP(A10,Revisión!$A$2:$L$703,10,FALSE) -> #N/A | M10: =VLOOKUP(A10,Revisión!$A$2:$L$703,11,FALSE) -> #N/A | N10: =IF(E10="Coinciden",D10,IF(E10="Revisar",VLOOKUP(A10,Revisión!$A$2:$L$703,12,FALSE),"")) -> Vachellia insulae-iacobi
A11: Acacia.macracantha | B11: Vachellia macracantha | C11: Vachellia macracantha | D11: Vachellia macracantha | E11: Coinciden | F11: Coinciden las tres fuentes | H11: =VLOOKUP(A11,Revisión!$A$2:$L$703,6,FALSE) -> Vachellia macracantha | I11: =VLOOKUP(A11,Revisión!$A$2:$L$703,7,FALSE) -> Vachellia macracantha | J11: =VLOOKUP(A11,Revisión!$A$2:$L$703,8,FALSE) -> Vachellia macracantha | K11: =VLOOKUP(A11,Revisión!$A$2:$L$703,9,FALSE) -> - | L11: =VLOOKUP(A11,Revisión!$A$2:$L$703,10,FALSE) -> - | M11: =VLOOKUP(A11,Revisión!$A$2:$L$703,11,FALSE) -> 3 | N11: =IF(E11="Coinciden",D11,IF(E11="Revisar",VLOOKUP(A11,Revisión!$A$2:$L$703,12,FALSE),"")) -> Vachellia macracantha
A12: Acaena.pinnatifida | B12: Acaena pinnatifida | D12: Acaena pinnatifida | E12: Revisar | F12: Coinciden GBIF y WFO; rWCVP sin resultado | H12: =VLOOKUP(A12,Revisión!$A$2:$L$703,6,FALSE) -> Acaena pinnatifida | I12: =VLOOKUP(A12,Revisión!$A$2:$L$703,7,FALSE) -> Acaena pinnatifida | J12: =VLOOKUP(A12,Revisión!$A$2:$L$703,8,FALSE) -> Acaena pinnatifida | K12: =VLOOKUP(A12,Revisión!$A$2:$L$703,9,FALSE) -> - | L12: =VLOOKUP(A12,Revisión!$A$2:$L$703,10,FALSE) -> - | M12: =VLOOKUP(A12,Revisión!$A$2:$L$703,11,FALSE) -> 3 | N12: =IF(E12="Coinciden",D12,IF(E12="Revisar",VLOOKUP(A12,Revisión!$A$2:$L$703,12,FALSE),"")) -> Acaena pinnatifida
A13: Acanthostachys.strobilaceae | B13: Acanthostachys strobilacea | C13: Acanthostachys strobilacea | D13: Acanthostachys strobilacea | E13: Coinciden | F13: Coinciden las tres fuentes | H13: =VLOOKUP(A13,Revisión!$A$2:$L$703,6,FALSE) -> Acanthostachys strobilacea | I13: =VLOOKUP(A13,Revisión!$A$2:$L$703,7,FALSE) -> Acanthostachys strobilacea | J13: =VLOOKUP(A13,Revisión!$A$2:$L$703,8,FALSE) -> Acanthostachys strobilacea | K13: =VLOOKUP(A13,Revisión!$A$2:$L$703,9,FALSE) -> - | L13: =VLOOKUP(A13,Revisión!$A$2:$L$703,10,FALSE) -> - | M13: =VLOOKUP(A13,Revisión!$A$2:$L$703,11,FALSE) -> 3 | N13: =IF(E13="Coinciden",D13,IF(E13="Revisar",VLOOKUP(A13,Revisión!$A$2:$L$703,12,FALSE),"")) -> Acanthostachys strobilacea
A14: Acanthus.spinosus | B14: Acanthus spinosus | C14: Acanthus spinosus | D14: Acanthus spinosus | E14: Coinciden | F14: Coinciden las tres fuentes | H14: =VLOOKUP(A14,Revisión!$A$2:$L$703,6,FALSE) -> #N/A | I14: =VLOOKUP(A14,Revisión!$A$2:$L$703,7,FALSE) -> #N/A | J14: =VLOOKUP(A14,Revisión!$A$2:$L$703,8,FALSE) -> #N/A | K14: =VLOOKUP(A14,Revisión!$A$2:$L$703,9,FALSE) -> #N/A | L14: =VLOOKUP(A14,Revisión!$A$2:$L$703,10,FALSE) -> #N/A | M14: =VLOOKUP(A14,Revisión!$A$2:$L$703,11,FALSE) -> #N/A | N14: =IF(E14="Coinciden",D14,IF(E14="Revisar",VLOOKUP(A14,Revisión!$A$2:$L$703,12,FALSE),"")) -> Acanthus spinosus
A15: Acer.ukurunduense | B15: Acer ukurunduense | C15: Acer ukurunduense | D15: Acer ukurunduense | E15: Coinciden | F15: Coinciden las tres fuentes | H15: =VLOOKUP(A15,Revisión!$A$2:$L$703,6,FALSE) -> #N/A | I15: =VLOOKUP(A15,Revisión!$A$2:$L$703,7,FALSE) -> #N/A | J15: =VLOOKUP(A15,Revisión!$A$2:$L$703,8,FALSE) -> #N/A | K15: =VLOOKUP(A15,Revisión!$A$2:$L$703,9,FALSE) -> #N/A | L15: =VLOOKUP(A15,Revisión!$A$2:$L$703,10,FALSE) -> #N/A | M15: =VLOOKUP(A15,Revisión!$A$2:$L$703,11,FALSE) -> #N/A | N15: =IF(E15="Coinciden",D15,IF(E15="Revisar",VLOOKUP(A15,Revisión!$A$2:$L$703,12,FALSE),"")) -> Acer ukurunduense
A16: Acer.shirasawanum | B16: Acer shirasawanum | C16: Acer shirasawanum | D16: Acer shirasawanum | E16: Coinciden | F16: Coinciden las tres fuentes | H16: =VLOOKUP(A16,Revisión!$A$2:$L$703,6,FALSE) -> #N/A | I16: =VLOOKUP(A16,Revisión!$A$2:$L$703,7,FALSE) -> #N/A | J16: =VLOOKUP(A16,Revisión!$A$2:$L$703,8,FALSE) -> #N/A | K16: =VLOOKUP(A16,Revisión!$A$2:$L$703,9,FALSE) -> #N/A | L16: =VLOOKUP(A16,Revisión!$A$2:$L$703,10,FALSE) -> #N/A | M16: =VLOOKUP(A16,Revisión!$A$2:$L$703,11,FALSE) -> #N/A | N16: =IF(E16="Coinciden",D16,IF(E16="Revisar",VLOOKUP(A16,Revisión!$A$2:$L$703,12,FALSE),"")) -> Acer shirasawanum
A17: Acer.rufinerve | B17: Acer rufinerve | C17: Acer rufinerve | D17: Acer rufinerve | E17: Coinciden | F17: Coinciden las tres fuentes | H17: =VLOOKUP(A17,Revisión!$A$2:$L$703,6,FALSE) -> #N/A | I17: =VLOOKUP(A17,Revisión!$A$2:$L$703,7,FALSE) -> #N/A | J17: =VLOOKUP(A17,Revisión!$A$2:$L$703,8,FALSE) -> #N/A | K17: =VLOOKUP(A17,Revisión!$A$2:$L$703,9,FALSE) -> #N/A | L17: =VLOOKUP(A17,Revisión!$A$2:$L$703,10,FALSE) -> #N/A | M17: =VLOOKUP(A17,Revisión!$A$2:$L$703,11,FALSE) -> #N/A | N17: =IF(E17="Coinciden",D17,IF(E17="Revisar",VLOOKUP(A17,Revisión!$A$2:$L$703,12,FALSE),"")) -> Acer rufinerve
A18: Acer.saccharinum | B18: Acer saccharinum | C18: Acer saccharinum | D18: Acer saccharinum | E18: Coinciden | F18: Coinciden las tres fuentes | H18: =VLOOKUP(A18,Revisión!$A$2:$L$703,6,FALSE) -> #N/A | I18: =VLOOKUP(A18,Revisión!$A$2:$L$703,7,FALSE) -> #N/A | J18: =VLOOKUP(A18,Revisión!$A$2:$L$703,8,FALSE) -> #N/A | K18: =VLOOKUP(A18,Revisión!$A$2:$L$703,9,FALSE) -> #N/A | L18: =VLOOKUP(A18,Revisión!$A$2:$L$703,10,FALSE) -> #N/A | M18: =VLOOKUP(A18,Revisión!$A$2:$L$703,11,FALSE) -> #N/A | N18: =IF(E18="Coinciden",D18,IF(E18="Revisar",VLOOKUP(A18,Revisión!$A$2:$L$703,12,FALSE),"")) -> Acer saccharinum
A19: Acer.insulae | C19: Acer insulare | D19: Acer insulare | E19: Revisar | F19: Coinciden rWCVP y WFO; GBIF sin resultado | H19: =VLOOKUP(A19,Revisión!$A$2:$L$703,6,FALSE) -> Acer insulare | I19: =VLOOKUP(A19,Revisión!$A$2:$L$703,7,FALSE) -> Acer insulare | J19: =VLOOKUP(A19,Revisión!$A$2:$L$703,8,FALSE) -> Acer insulare | K19: =VLOOKUP(A19,Revisión!$A$2:$L$703,9,FALSE) -> - | L19: =VLOOKUP(A19,Revisión!$A$2:$L$703,10,FALSE) -> - | M19: =VLOOKUP(A19,Revisión!$A$2:$L$703,11,FALSE) -> 3 | N19: =IF(E19="Coinciden",D19,IF(E19="Revisar",VLOOKUP(A19,Revisión!$A$2:$L$703,12,FALSE),"")) -> Acer insulare
A20: Acer.japonicum | B20: Acer japonicum | C20: Acer japonicum | D20: Acer japonicum | E20: Coinciden | F20: Coinciden las tres fuentes | H20: =VLOOKUP(A20,Revisión!$A$2:$L$703,6,FALSE) -> #N/A | I20: =VLOOKUP(A20,Revisión!$A$2:$L$703,7,FALSE) -> #N/A | J20: =VLOOKUP(A20,Revisión!$A$2:$L$703,8,FALSE) -> #N/A | K20: =VLOOKUP(A20,Revisión!$A$2:$L$703,9,FALSE) -> #N/A | L20: =VLOOKUP(A20,Revisión!$A$2:$L$703,10,FALSE) -> #N/A | M20: =VLOOKUP(A20,Revisión!$A$2:$L$703,11,FALSE) -> #N/A | N20: =IF(E20="Coinciden",D20,IF(E20="Revisar",VLOOKUP(A20,Revisión!$A$2:$L$703,12,FALSE),"")) -> Acer japonicum
A21: Acer.carpinifolium | B21: Acer carpinifolium | C21: Acer carpinifolium | D21: Acer carpinifolium | E21: Coinciden | F21: Coinciden las tres fuentes | H21: =VLOOKUP(A21,Revisión!$A$2:$L$703,6,FALSE) -> #N/A | I21: =VLOOKUP(A21,Revisión!$A$2:$L$703,7,FALSE) -> #N/A | J21: =VLOOKUP(A21,Revisión!$A$2:$L$703,8,FALSE) -> #N/A | K21: =VLOOKUP(A21,Revisión!$A$2:$L$703,9,FALSE) -> #N/A | L21: =VLOOKUP(A21,Revisión!$A$2:$L$703,10,FALSE) -> #N/A | M21: =VLOOKUP(A21,Revisión!$A$2:$L$703,11,FALSE) -> #N/A | N21: =IF(E21="Coinciden",D21,IF(E21="Revisar",VLOOKUP(A21,Revisión!$A$2:$L$703,12,FALSE),"")) -> Acer carpinifolium
A22: Acer.negundo | B22: Acer negundo | C22: Acer negundo | D22: Acer negundo | E22: Coinciden | F22: Coinciden las tres fuentes | H22: =VLOOKUP(A22,Revisión!$A$2:$L$703,6,FALSE) -> #N/A | I22: =VLOOKUP(A22,Revisión!$A$2:$L$703,7,FALSE) -> #N/A | J22: =VLOOKUP(A22,Revisión!$A$2:$L$703,8,FALSE) -> #N/A | K22: =VLOOKUP(A22,Revisión!$A$2:$L$703,9,FALSE) -> #N/A | L22: =VLOOKUP(A22,Revisión!$A$2:$L$703,10,FALSE) -> #N/A | M22: =VLOOKUP(A22,Revisión!$A$2:$L$703,11,FALSE) -> #N/A | N22: =IF(E22="Coinciden",D22,IF(E22="Revisar",VLOOKUP(A22,Revisión!$A$2:$L$703,12,FALSE),"")) -> Acer negundo
A23: Achillea.alpina. | B23: Achillea alpina | C23: Achillea alpina | D23: Achillea alpina | E23: Coinciden | F23: Coinciden las tres fuentes | H23: =VLOOKUP(A23,Revisión!$A$2:$L$703,6,FALSE) -> #N/A | I23: =VLOOKUP(A23,Revisión!$A$2:$L$703,7,FALSE) -> #N/A | J23: =VLOOKUP(A23,Revisión!$A$2:$L$703,8,FALSE) -> #N/A | K23: =VLOOKUP(A23,Revisión!$A$2:$L$703,9,FALSE) -> #N/A | L23: =VLOOKUP(A23,Revisión!$A$2:$L$703,10,FALSE) -> #N/A | M23: =VLOOKUP(A23,Revisión!$A$2:$L$703,11,FALSE) -> #N/A | N23: =IF(E23="Coinciden",D23,IF(E23="Revisar",VLOOKUP(A23,Revisión!$A$2:$L$703,12,FALSE),"")) -> Achillea alpina
A24: Achillea.millefolium | B24: Achillea millefolium | C24: Achillea millefolium | D24: Achillea millefolium | E24: Coinciden | F24: Coinciden las tres fuentes | H24: =VLOOKUP(A24,Revisión!$A$2:$L$703,6,FALSE) -> #N/A | I24: =VLOOKUP(A24,Revisión!$A$2:$L$703,7,FALSE) -> #N/A | J24: =VLOOKUP(A24,Revisión!$A$2:$L$703,8,FALSE) -> #N/A | K24: =VLOOKUP(A24,Revisión!$A$2:$L$703,9,FALSE) -> #N/A | L24: =VLOOKUP(A24,Revisión!$A$2:$L$703,10,FALSE) -> #N/A | M24: =VLOOKUP(A24,Revisión!$A$2:$L$703,11,FALSE) -> #N/A | N24: =IF(E24="Coinciden",D24,IF(E24="Revisar",VLOOKUP(A24,Revisión!$A$2:$L$703,12,FALSE),"")) -> Achillea millefolium
A25: Achyranthes.bidentata | B25: Achyranthes bidentata | C25: Achyranthes bidentata | D25: Achyranthes bidentata | E25: Coinciden | F25: Coinciden las tres fuentes | H25: =VLOOKUP(A25,Revisión!$A$2:$L$703,6,FALSE) -> #N/A | I25: =VLOOKUP(A25,Revisión!$A$2:$L$703,7,FALSE) -> #N/A | J25: =VLOOKUP(A25,Revisión!$A$2:$L$703,8,FALSE) -> #N/A | K25: =VLOOKUP(A25,Revisión!$A$2:$L$703,9,FALSE) -> #N/A | L25: =VLOOKUP(A25,Revisión!$A$2:$L$703,10,FALSE) -> #N/A | M25: =VLOOKUP(A25,Revisión!$A$2:$L$703,11,FALSE) -> #N/A | N25: =IF(E25="Coinciden",D25,IF(E25="Revisar",VLOOKUP(A25,Revisión!$A$2:$L$703,12,FALSE),"")) -> Achyranthes bidentata
A26: Achyrocline.satureoides | C26: Achyrocline saturejoides | D26: Achyrocline satureioides | E26: Revisar | F26: Falta resultado en una o más fuentes | H26: =VLOOKUP(A26,Revisión!$A$2:$L$703,6,FALSE) -> Achyrocline saturejoides | I26: =VLOOKUP(A26,Revisión!$A$2:$L$703,7,FALSE) -> Achyrocline saturejoides | J26: =VLOOKUP(A26,Revisión!$A$2:$L$703,8,FALSE) -> Achyrocline saturejoides | K26: =VLOOKUP(A26,Revisión!$A$2:$L$703,9,FALSE) -> - | L26: =VLOOKUP(A26,Revisión!$A$2:$L$703,10,FALSE) -> - | M26: =VLOOKUP(A26,Revisión!$A$2:$L$703,11,FALSE) -> 3 | N26: =IF(E26="Coinciden",D26,IF(E26="Revisar",VLOOKUP(A26,Revisión!$A$2:$L$703,12,FALSE),"")) -> Achyrocline saturejoides
A27: Aciphylla.glacialis | B27: Aciphylla glacialis | C27: Aciphylla glacialis | D27: Aciphylla glacialis | E27: Coinciden | F27: Coinciden las tres fuentes | H27: =VLOOKUP(A27,Revisión!$A$2:$L$703,6,FALSE) -> #N/A | I27: =VLOOKUP(A27,Revisión!$A$2:$L$703,7,FALSE) -> #N/A | J27: =VLOOKUP(A27,Revisión!$A$2:$L$703,8,FALSE) -> #N/A | K27: =VLOOKUP(A27,Revisión!$A$2:$L$703,9,FALSE) -> #N/A | L27: =VLOOKUP(A27,Revisión!$A$2:$L$703,10,FALSE) -> #N/A | M27: =VLOOKUP(A27,Revisión!$A$2:$L$703,11,FALSE) -> #N/A | N27: =IF(E27="Coinciden",D27,IF(E27="Revisar",VLOOKUP(A27,Revisión!$A$2:$L$703,12,FALSE),"")) -> Aciphylla glacialis
A28: Aciphylla.scott-thompsoni | C28: Aciphylla scott-thomsonii | D28: Aciphylla scott-thomsonii | E28: Revisar | F28: Coinciden rWCVP y WFO; GBIF sin resultado | H28: =VLOOKUP(A28,Revisión!$A$2:$L$703,6,FALSE) -> Aciphylla scott-thomsonii | I28: =VLOOKUP(A28,Revisión!$A$2:$L$703,7,FALSE) -> Aciphylla scott-thomsonii | J28: =VLOOKUP(A28,Revisión!$A$2:$L$703,8,FALSE) -> Aciphylla scott-thomsonii | K28: =VLOOKUP(A28,Revisión!$A$2:$L$703,9,FALSE) -> - | L28: =VLOOKUP(A28,Revisión!$A$2:$L$703,10,FALSE) -> - | M28: =VLOOKUP(A28,Revisión!$A$2:$L$703,11,FALSE) -> 3 | N28: =IF(E28="Coinciden",D28,IF(E28="Revisar",VLOOKUP(A28,Revisión!$A$2:$L$703,12,FALSE),"")) -> Aciphylla scott-thomsonii
A29: Aciphylla.simplicifolia | B29: Aciphylla simplicifolia | C29: Aciphylla simplicifolia | D29: Aciphylla simplicifolia | E29: Coinciden | F29: Coinciden las tres fuentes | H29: =VLOOKUP(A29,Revisión!$A$2:$L$703,6,FALSE) -> #N/A | I29: =VLOOKUP(A29,Revisión!$A$2:$L$703,7,FALSE) -> #N/A | J29: =VLOOKUP(A29,Revisión!$A$2:$L$703,8,FALSE) -> #N/A | K29: =VLOOKUP(A29,Revisión!$A$2:$L$703,9,FALSE) -> #N/A | L29: =VLOOKUP(A29,Revisión!$A$2:$L$703,10,FALSE) -> #N/A | M29: =VLOOKUP(A29,Revisión!$A$2:$L$703,11,FALSE) -> #N/A | N29: =IF(E29="Coinciden",D29,IF(E29="Revisar",VLOOKUP(A29,Revisión!$A$2:$L$703,12,FALSE),"")) -> Aciphylla simplicifolia
A30: Aciphylla.subflavellata | C30: Aciphylla subflabellata | D30: Aciphylla subflabellata | E30: Revisar | F30: Coinciden rWCVP y WFO; GBIF sin resultado | H30: =VLOOKUP(A30,Revisión!$A$2:$L$703,6,FALSE) -> Aciphylla subflabellata | I30: =VLOOKUP(A30,Revisión!$A$2:$L$703,7,FALSE) -> Aciphylla subflabellata | J30: =VLOOKUP(A30,Revisión!$A$2:$L$703,8,FALSE) -> Aciphylla subflabellata | K30: =VLOOKUP(A30,Revisión!$A$2:$L$703,9,FALSE) -> - | L30: =VLOOKUP(A30,Revisión!$A$2:$L$703,10,FALSE) -> - | M30: =VLOOKUP(A30,Revisión!$A$2:$L$703,11,FALSE) -> 3 | N30: =IF(E30="Coinciden",D30,IF(E30="Revisar",VLOOKUP(A30,Revisión!$A$2:$L$703,12,FALSE),"")) -> Aciphylla subflabellata
A31: Aconitum.japonicum | B31: Aconitum japonicum | C31: Aconitum japonicum | D31: Aconitum japonicum | E31: Coinciden | F31: Coinciden las tres fuentes | H31: =VLOOKUP(A31,Revisión!$A$2:$L$703,6,FALSE) -> #N/A | I31: =VLOOKUP(A31,Revisión!$A$2:$L$703,7,FALSE) -> #N/A | J31: =VLOOKUP(A31,Revisión!$A$2:$L$703,8,FALSE) -> #N/A | K31: =VLOOKUP(A31,Revisión!$A$2:$L$703,9,FALSE) -> #N/A | L31: =VLOOKUP(A31,Revisión!$A$2:$L$703,10,FALSE) -> #N/A | M31: =VLOOKUP(A31,Revisión!$A$2:$L$703,11,FALSE) -> #N/A | N31: =IF(E31="Coinciden",D31,IF(E31="Revisar",VLOOKUP(A31,Revisión!$A$2:$L$703,12,FALSE),"")) -> Aconitum japonicum
A32: Aconitum.senanense | B32: Aconitum senanense | C32: Aconitum senanense | D32: Aconitum senanense | E32: Coinciden | F32: Coinciden las tres fuentes | H32: =VLOOKUP(A32,Revisión!$A$2:$L$703,6,FALSE) -> #N/A | I32: =VLOOKUP(A32,Revisión!$A$2:$L$703,7,FALSE) -> #N/A | J32: =VLOOKUP(A32,Revisión!$A$2:$L$703,8,FALSE) -> #N/A | K32: =VLOOKUP(A32,Revisión!$A$2:$L$703,9,FALSE) -> #N/A | L32: =VLOOKUP(A32,Revisión!$A$2:$L$703,10,FALSE) -> #N/A | M32: =VLOOKUP(A32,Revisión!$A$2:$L$703,11,FALSE) -> #N/A | N32: =IF(E32="Coinciden",D32,IF(E32="Revisar",VLOOKUP(A32,Revisión!$A$2:$L$703,12,FALSE),"")) -> Aconitum senanense
A33: Aconitum.columbianum | B33: Aconitum columbianum | C33: Aconitum columbianum | D33: Aconitum columbianum | E33: Coinciden | F33: Coinciden las tres fuentes | H33: =VLOOKUP(A33,Revisión!$A$2:$L$703,6,FALSE) -> #N/A | I33: =VLOOKUP(A33,Revisión!$A$2:$L$703,7,FALSE) -> #N/A | J33: =VLOOKUP(A33,Revisión!$A$2:$L$703,8,FALSE) -> #N/A | K33: =VLOOKUP(A33,Revisión!$A$2:$L$703,9,FALSE) -> #N/A | L33: =VLOOKUP(A33,Revisión!$A$2:$L$703,10,FALSE) -> #N/A | M33: =VLOOKUP(A33,Revisión!$A$2:$L$703,11,FALSE) -> #N/A | N33: =IF(E33="Coinciden",D33,IF(E33="Revisar",VLOOKUP(A33,Revisión!$A$2:$L$703,12,FALSE),"")) -> Aconitum columbianum
A34: Aconitum.japonicum.montanum | B34: Aconitum japonicum subsp. japonicum | C34: Aconitum japonicum subsp. japonicum | D34: Aconitum japonicum | E34: Revisar | F34: Coinciden GBIF y rWCVP; WFO es diferente | H34: =VLOOKUP(A34,Revisión!$A$2:$L$703,6,FALSE) -> Aconitum japonicum subsp. japonicum | I34: =VLOOKUP(A34,Revisión!$A$2:$L$703,7,FALSE) -> - | J34: =VLOOKUP(A34,Revisión!$A$2:$L$703,8,FALSE) -> Aconitum japonicum subsp. japonicum | K34: =VLOOKUP(A34,Revisión!$A$2:$L$703,9,FALSE) -> - | L34: =VLOOKUP(A34,Revisión!$A$2:$L$703,10,FALSE) -> - | M34: =VLOOKUP(A34,Revisión!$A$2:$L$703,11,FALSE) -> 2 | N34: =IF(E34="Coinciden",D34,IF(E34="Revisar",VLOOKUP(A34,Revisión!$A$2:$L$703,12,FALSE),"")) -> Aconitum japonicum subsp. japonicum
A35: Actea.alba | C35: Actaea rubra | D35: Actaea rubra | E35: Revisar | F35: Coinciden rWCVP y WFO; GBIF sin resultado | H35: =VLOOKUP(A35,Revisión!$A$2:$L$703,6,FALSE) -> Actaea rubra | I35: =VLOOKUP(A35,Revisión!$A$2:$L$703,7,FALSE) -> Actaea rubra | J35: =VLOOKUP(A35,Revisión!$A$2:$L$703,8,FALSE) -> Actaea rubra | K35: =VLOOKUP(A35,Revisión!$A$2:$L$703,9,FALSE) -> - | L35: =VLOOKUP(A35,Revisión!$A$2:$L$703,10,FALSE) -> - | M35: =VLOOKUP(A35,Revisión!$A$2:$L$703,11,FALSE) -> 3 | N35: =IF(E35="Coinciden",D35,IF(E35="Revisar",VLOOKUP(A35,Revisión!$A$2:$L$703,12,FALSE),"")) -> Actaea rubra
A36: Actinidia.arguta | B36: Actinidia arguta | C36: Actinidia arguta | D36: Actinidia arguta | E36: Coinciden | F36: Coinciden las tres fuentes | H36: =VLOOKUP(A36,Revisión!$A$2:$L$703,6,FALSE) -> #N/A | I36: =VLOOKUP(A36,Revisión!$A$2:$L$703,7,FALSE) -> #N/A | J36: =VLOOKUP(A36,Revisión!$A$2:$L$703,8,FALSE) -> #N/A | K36: =VLOOKUP(A36,Revisión!$A$2:$L$703,9,FALSE) -> #N/A | L36: =VLOOKUP(A36,Revisión!$A$2:$L$703,10,FALSE) -> #N/A | M36: =VLOOKUP(A36,Revisión!$A$2:$L$703,11,FALSE) -> #N/A | N36: =IF(E36="Coinciden",D36,IF(E36="Revisar",VLOOKUP(A36,Revisión!$A$2:$L$703,12,FALSE),"")) -> Actinidia arguta
A37: Actinidia.rufa | B37: Actinidia rufa | C37: Actinidia rufa | D37: Actinidia rufa | E37: Coinciden | F37: Coinciden las tres fuentes | H37: =VLOOKUP(A37,Revisión!$A$2:$L$703,6,FALSE) -> #N/A | I37: =VLOOKUP(A37,Revisión!$A$2:$L$703,7,FALSE) -> #N/A | J37: =VLOOKUP(A37,Revisión!$A$2:$L$703,8,FALSE) -> #N/A | K37: =VLOOKUP(A37,Revisión!$A$2:$L$703,9,FALSE) -> #N/A | L37: =VLOOKUP(A37,Revisión!$A$2:$L$703,10,FALSE) -> #N/A | M37: =VLOOKUP(A37,Revisión!$A$2:$L$703,11,FALSE) -> #N/A | N37: =IF(E37="Coinciden",D37,IF(E37="Revisar",VLOOKUP(A37,Revisión!$A$2:$L$703,12,FALSE),"")) -> Actinidia rufa
A38: Actinomeris.alternifolia | B38: Verbesina alternifolia | C38: Verbesina alternifolia | D38: Verbesina alternifolia | E38: Coinciden | F38: Coinciden las tres fuentes | H38: =VLOOKUP(A38,Revisión!$A$2:$L$703,6,FALSE) -> #N/A | I38: =VLOOKUP(A38,Revisión!$A$2:$L$703,7,FALSE) -> #N/A | J38: =VLOOKUP(A38,Revisión!$A$2:$L$703,8,FALSE) -> #N/A | K38: =VLOOKUP(A38,Revisión!$A$2:$L$703,9,FALSE) -> #N/A | L38: =VLOOKUP(A38,Revisión!$A$2:$L$703,10,FALSE) -> #N/A | M38: =VLOOKUP(A38,Revisión!$A$2:$L$703,11,FALSE) -> #N/A | N38: =IF(E38="Coinciden",D38,IF(E38="Revisar",VLOOKUP(A38,Revisión!$A$2:$L$703,12,FALSE),"")) -> Verbesina alternifolia
A39: Adenocarpus.foliosus | C39: Adenocarpus complicatus subsp. aureus | D39: Adenocarpus foliolosus | E39: Revisar | F39: Falta resultado en una o más fuentes | H39: =VLOOKUP(A39,Revisión!$A$2:$L$703,6,FALSE) -> Adenocarpus foliolosus | I39: =VLOOKUP(A39,Revisión!$A$2:$L$703,7,FALSE) -> Adenocarpus foliolosus | J39: =VLOOKUP(A39,Revisión!$A$2:$L$703,8,FALSE) -> Adenocarpus foliolosus | K39: =VLOOKUP(A39,Revisión!$A$2:$L$703,9,FALSE) -> - | L39: =VLOOKUP(A39,Revisión!$A$2:$L$703,10,FALSE) -> - | M39: =VLOOKUP(A39,Revisión!$A$2:$L$703,11,FALSE) -> 3 | N39: =IF(E39="Coinciden",D39,IF(E39="Revisar",VLOOKUP(A39,Revisión!$A$2:$L$703,12,FALSE),"")) -> Adenocarpus foliolosus
A40: Adenocarpus.viscosus | B40: Adenocarpus viscosus | C40: Adenocarpus viscosus | D40: Adenocarpus viscosus | E40: Coinciden | F40: Coinciden las tres fuentes | H40: =VLOOKUP(A40,Revisión!$A$2:$L$703,6,FALSE) -> #N/A | I40: =VLOOKUP(A40,Revisión!$A$2:$L$703,7,FALSE) -> #N/A | J40: =VLOOKUP(A40,Revisión!$A$2:$L$703,8,FALSE) -> #N/A | K40: =VLOOKUP(A40,Revisión!$A$2:$L$703,9,FALSE) -> #N/A | L40: =VLOOKUP(A40,Revisión!$A$2:$L$703,10,FALSE) -> #N/A | M40: =VLOOKUP(A40,Revisión!$A$2:$L$703,11,FALSE) -> #N/A | N40: =IF(E40="Coinciden",D40,IF(E40="Revisar",VLOOKUP(A40,Revisión!$A$2:$L$703,12,FALSE),"")) -> Adenocarpus viscosus
A41: Adenocaulon.himalaicum | B41: Adenocaulon himalaicum | C41: Adenocaulon himalaicum | D41: Adenocaulon himalaicum | E41: Coinciden | F41: Coinciden las tres fuentes | H41: =VLOOKUP(A41,Revisión!$A$2:$L$703,6,FALSE) -> #N/A | I41: =VLOOKUP(A41,Revisión!$A$2:$L$703,7,FALSE) -> #N/A | J41: =VLOOKUP(A41,Revisión!$A$2:$L$703,8,FALSE) -> #N/A | K41: =VLOOKUP(A41,Revisión!$A$2:$L$703,9,FALSE) -> #N/A | L41: =VLOOKUP(A41,Revisión!$A$2:$L$703,10,FALSE) -> #N/A | M41: =VLOOKUP(A41,Revisión!$A$2:$L$703,11,FALSE) -> #N/A | N41: =IF(E41="Coinciden",D41,IF(E41="Revisar",VLOOKUP(A41,Revisión!$A$2:$L$703,12,FALSE),"")) -> Adenocaulon himalaicum
A42: Adenophora.triphylla | B42: Adenophora triphylla | C42: Adenophora triphylla | D42: Adenophora triphylla | E42: Coinciden | F42: Coinciden las tres fuentes | H42: =VLOOKUP(A42,Revisión!$A$2:$L$703,6,FALSE) -> #N/A | I42: =VLOOKUP(A42,Revisión!$A$2:$L$703,7,FALSE) -> #N/A | J42: =VLOOKUP(A42,Revisión!$A$2:$L$703,8,FALSE) -> #N/A | K42: =VLOOKUP(A42,Revisión!$A$2:$L$703,9,FALSE) -> #N/A | L42: =VLOOKUP(A42,Revisión!$A$2:$L$703,10,FALSE) -> #N/A | M42: =VLOOKUP(A42,Revisión!$A$2:$L$703,11,FALSE) -> #N/A | N42: =IF(E42="Coinciden",D42,IF(E42="Revisar",VLOOKUP(A42,Revisión!$A$2:$L$703,12,FALSE),"")) -> Adenophora triphylla
A43: Adesmia.glomerula | B43: Adesmia glomerula | C43: Adesmia glomerula | D43: Adesmia glomerula | E43: Coinciden | F43: Coinciden las tres fuentes | H43: =VLOOKUP(A43,Revisión!$A$2:$L$703,6,FALSE) -> #N/A | I43: =VLOOKUP(A43,Revisión!$A$2:$L$703,7,FALSE) -> #N/A | J43: =VLOOKUP(A43,Revisión!$A$2:$L$703,8,FALSE) -> #N/A | K43: =VLOOKUP(A43,Revisión!$A$2:$L$703,9,FALSE) -> #N/A | L43: =VLOOKUP(A43,Revisión!$A$2:$L$703,10,FALSE) -> #N/A | M43: =VLOOKUP(A43,Revisión!$A$2:$L$703,11,FALSE) -> #N/A | N43: =IF(E43="Coinciden",D43,IF(E43="Revisar",VLOOKUP(A43,Revisión!$A$2:$L$703,12,FALSE),"")) -> Adesmia glomerula
A44: Adesmia.aconcaguensis | B44: Adesmia aconcaguensis | C44: Adesmia aconcaguensis | D44: Adesmia aconcaguensis | E44: Coinciden | F44: Coinciden las tres fuentes | H44: =VLOOKUP(A44,Revisión!$A$2:$L$703,6,FALSE) -> #N/A | I44: =VLOOKUP(A44,Revisión!$A$2:$L$703,7,FALSE) -> #N/A | J44: =VLOOKUP(A44,Revisión!$A$2:$L$703,8,FALSE) -> #N/A | K44: =VLOOKUP(A44,Revisión!$A$2:$L$703,9,FALSE) -> #N/A | L44: =VLOOKUP(A44,Revisión!$A$2:$L$703,10,FALSE) -> #N/A | M44: =VLOOKUP(A44,Revisión!$A$2:$L$703,11,FALSE) -> #N/A | N44: =IF(E44="Coinciden",D44,IF(E44="Revisar",VLOOKUP(A44,Revisión!$A$2:$L$703,12,FALSE),"")) -> Adesmia aconcaguensis
A45: Adesmia.brachysemon | C45: Adesmia brachysemeon | D45: Adesmia brachysemeon | E45: Revisar | F45: Coinciden rWCVP y WFO; GBIF sin resultado | H45: =VLOOKUP(A45,Revisión!$A$2:$L$703,6,FALSE) -> Adesmia brachysemeon | I45: =VLOOKUP(A45,Revisión!$A$2:$L$703,7,FALSE) -> Adesmia brachysemeon | J45: =VLOOKUP(A45,Revisión!$A$2:$L$703,8,FALSE) -> Adesmia brachysemeon | K45: =VLOOKUP(A45,Revisión!$A$2:$L$703,9,FALSE) -> - | L45: =VLOOKUP(A45,Revisión!$A$2:$L$703,10,FALSE) -> - | M45: =VLOOKUP(A45,Revisión!$A$2:$L$703,11,FALSE) -> 3 | N45: =IF(E45="Coinciden",D45,IF(E45="Revisar",VLOOKUP(A45,Revisión!$A$2:$L$703,12,FALSE),"")) -> Adesmia brachysemeon
A46: Adesmia.conferta | B46: Adesmia conferta | C46: Adesmia conferta | D46: Adesmia conferta | E46: Coinciden | F46: Coinciden las tres fuentes | H46: =VLOOKUP(A46,Revisión!$A$2:$L$703,6,FALSE) -> #N/A | I46: =VLOOKUP(A46,Revisión!$A$2:$L$703,7,FALSE) -> #N/A | J46: =VLOOKUP(A46,Revisión!$A$2:$L$703,8,FALSE) -> #N/A | K46: =VLOOKUP(A46,Revisión!$A$2:$L$703,9,FALSE) -> #N/A | L46: =VLOOKUP(A46,Revisión!$A$2:$L$703,10,FALSE) -> #N/A | M46: =VLOOKUP(A46,Revisión!$A$2:$L$703,11,FALSE) -> #N/A | N46: =IF(E46="Coinciden",D46,IF(E46="Revisar",VLOOKUP(A46,Revisión!$A$2:$L$703,12,FALSE),"")) -> Adesmia conferta
A47: Adesmia.exilis | B47: Adesmia exilis | C47: Adesmia exilis | D47: Adesmia exilis | E47: Coinciden | F47: Coinciden las tres fuentes | H47: =VLOOKUP(A47,Revisión!$A$2:$L$703,6,FALSE) -> #N/A | I47: =VLOOKUP(A47,Revisión!$A$2:$L$703,7,FALSE) -> #N/A | J47: =VLOOKUP(A47,Revisión!$A$2:$L$703,8,FALSE) -> #N/A | K47: =VLOOKUP(A47,Revisión!$A$2:$L$703,9,FALSE) -> #N/A | L47: =VLOOKUP(A47,Revisión!$A$2:$L$703,10,FALSE) -> #N/A | M47: =VLOOKUP(A47,Revisión!$A$2:$L$703,11,FALSE) -> #N/A | N47: =IF(E47="Coinciden",D47,IF(E47="Revisar",VLOOKUP(A47,Revisión!$A$2:$L$703,12,FALSE),"")) -> Adesmia exilis
A48: Adesmia.radicifolia | B48: Adesmia papposa var. radicifolia | C48: Adesmia papposa var. radicifolia | D48: Adesmia papposa var. radicifolia | E48: Coinciden | F48: Coinciden las tres fuentes | H48: =VLOOKUP(A48,Revisión!$A$2:$L$703,6,FALSE) -> #N/A | I48: =VLOOKUP(A48,Revisión!$A$2:$L$703,7,FALSE) -> #N/A | J48: =VLOOKUP(A48,Revisión!$A$2:$L$703,8,FALSE) -> #N/A | K48: =VLOOKUP(A48,Revisión!$A$2:$L$703,9,FALSE) -> #N/A | L48: =VLOOKUP(A48,Revisión!$A$2:$L$703,10,FALSE) -> #N/A | M48: =VLOOKUP(A48,Revisión!$A$2:$L$703,11,FALSE) -> #N/A | N48: =IF(E48="Coinciden",D48,IF(E48="Revisar",VLOOKUP(A48,Revisión!$A$2:$L$703,12,FALSE),"")) -> Adesmia papposa var. radicifolia
A49: Adesmia.montana | B49: Adesmia montana | C49: Adesmia montana | D49: Adesmia montana | E49: Coinciden | F49: Coinciden las tres fuentes | H49: =VLOOKUP(A49,Revisión!$A$2:$L$703,6,FALSE) -> #N/A | I49: =VLOOKUP(A49,Revisión!$A$2:$L$703,7,FALSE) -> #N/A | J49: =VLOOKUP(A49,Revisión!$A$2:$L$703,8,FALSE) -> #N/A | K49: =VLOOKUP(A49,Revisión!$A$2:$L$703,9,FALSE) -> #N/A | L49: =VLOOKUP(A49,Revisión!$A$2:$L$703,10,FALSE) -> #N/A | M49: =VLOOKUP(A49,Revisión!$A$2:$L$703,11,FALSE) -> #N/A | N49: =IF(E49="Coinciden",D49,IF(E49="Revisar",VLOOKUP(A49,Revisión!$A$2:$L$703,12,FALSE),"")) -> Adesmia montana
A50: Adesmia.incana | B50: Adesmia incana | C50: Adesmia incana | D50: Adesmia incana | E50: Coinciden | F50: Coinciden las tres fuentes | H50: =VLOOKUP(A50,Revisión!$A$2:$L$703,6,FALSE) -> #N/A | I50: =VLOOKUP(A50,Revisión!$A$2:$L$703,7,FALSE) -> #N/A | J50: =VLOOKUP(A50,Revisión!$A$2:$L$703,8,FALSE) -> #N/A | K50: =VLOOKUP(A50,Revisión!$A$2:$L$703,9,FALSE) -> #N/A | L50: =VLOOKUP(A50,Revisión!$A$2:$L$703,10,FALSE) -> #N/A | M50: =VLOOKUP(A50,Revisión!$A$2:$L$703,11,FALSE) -> #N/A | N50: =IF(E50="Coinciden",D50,IF(E50="Revisar",VLOOKUP(A50,Revisión!$A$2:$L$703,12,FALSE),"")) -> Adesmia incana
A51: Adesmia.haemisphaerica | C51: Adesmia hemisphaerica | D51: Adesmia hemisphaerica | E51: Revisar | F51: Coinciden rWCVP y WFO; GBIF sin resultado | H51: =VLOOKUP(A51,Revisión!$A$2:$L$703,6,FALSE) -> Adesmia hemisphaerica | I51: =VLOOKUP(A51,Revisión!$A$2:$L$703,7,FALSE) -> Adesmia hemisphaerica | J51: =VLOOKUP(A51,Revisión!$A$2:$L$703,8,FALSE) -> Adesmia hemisphaerica | K51: =VLOOKUP(A51,Revisión!$A$2:$L$703,9,FALSE) -> - | L51: =VLOOKUP(A51,Revisión!$A$2:$L$703,10,FALSE) -> - | M51: =VLOOKUP(A51,Revisión!$A$2:$L$703,11,FALSE) -> 3 | N51: =IF(E51="Coinciden",D51,IF(E51="Revisar",VLOOKUP(A51,Revisión!$A$2:$L$703,12,FALSE),"")) -> Adesmia hemisphaerica
A52: Adesmia.capitellata | B52: Adesmia capitellata | C52: Adesmia capitellata | D52: Adesmia capitellata | E52: Coinciden | F52: Coinciden las tres fuentes | H52: =VLOOKUP(A52,Revisión!$A$2:$L$703,6,FALSE) -> #N/A | I52: =VLOOKUP(A52,Revisión!$A$2:$L$703,7,FALSE) -> #N/A | J52: =VLOOKUP(A52,Revisión!$A$2:$L$703,8,FALSE) -> #N/A | K52: =VLOOKUP(A52,Revisión!$A$2:$L$703,9,FALSE) -> #N/A | L52: =VLOOKUP(A52,Revisión!$A$2:$L$703,10,FALSE) -> #N/A | M52: =VLOOKUP(A52,Revisión!$A$2:$L$703,11,FALSE) -> #N/A | N52: =IF(E52="Coinciden",D52,IF(E52="Revisar",VLOOKUP(A52,Revisión!$A$2:$L$703,12,FALSE),"")) -> Adesmia capitellata
A53: Adesmia.retrofracta | B53: Adesmia retrofracta | C53: Adesmia retrofracta | D53: Adesmia retrofracta | E53: Coinciden | F53: Coinciden las tres fuentes | H53: =VLOOKUP(A53,Revisión!$A$2:$L$703,6,FALSE) -> #N/A | I53: =VLOOKUP(A53,Revisión!$A$2:$L$703,7,FALSE) -> #N/A | J53: =VLOOKUP(A53,Revisión!$A$2:$L$703,8,FALSE) -> #N/A | K53: =VLOOKUP(A53,Revisión!$A$2:$L$703,9,FALSE) -> #N/A | L53: =VLOOKUP(A53,Revisión!$A$2:$L$703,10,FALSE) -> #N/A | M53: =VLOOKUP(A53,Revisión!$A$2:$L$703,11,FALSE) -> #N/A | N53: =IF(E53="Coinciden",D53,IF(E53="Revisar",VLOOKUP(A53,Revisión!$A$2:$L$703,12,FALSE),"")) -> Adesmia retrofracta
A54: Aechmea.paniculigera | B54: Aechmea paniculigera | D54: Aechmea paniculigera | E54: Revisar | F54: Coinciden GBIF y WFO; rWCVP sin resultado | H54: =VLOOKUP(A54,Revisión!$A$2:$L$703,6,FALSE) -> Aechmea paniculigera | I54: =VLOOKUP(A54,Revisión!$A$2:$L$703,7,FALSE) -> Aechmea paniculigera | J54: =VLOOKUP(A54,Revisión!$A$2:$L$703,8,FALSE) -> Aechmea paniculigera | K54: =VLOOKUP(A54,Revisión!$A$2:$L$703,9,FALSE) -> - | L54: =VLOOKUP(A54,Revisión!$A$2:$L$703,10,FALSE) -> - | M54: =VLOOKUP(A54,Revisión!$A$2:$L$703,11,FALSE) -> 3 | N54: =IF(E54="Coinciden",D54,IF(E54="Revisar",VLOOKUP(A54,Revisión!$A$2:$L$703,12,FALSE),"")) -> Aechmea paniculigera
A55: Aechmea.bromeliifolia | B55: Aechmea bromeliifolia | C55: Aechmea bromeliifolia | D55: Aechmea bromeliifolia | E55: Coinciden | F55: Coinciden las tres fuentes | H55: =VLOOKUP(A55,Revisión!$A$2:$L$703,6,FALSE) -> #N/A | I55: =VLOOKUP(A55,Revisión!$A$2:$L$703,7,FALSE) -> #N/A | J55: =VLOOKUP(A55,Revisión!$A$2:$L$703,8,FALSE) -> #N/A | K55: =VLOOKUP(A55,Revisión!$A$2:$L$703,9,FALSE) -> #N/A | L55: =VLOOKUP(A55,Revisión!$A$2:$L$703,10,FALSE) -> #N/A | M55: =VLOOKUP(A55,Revisión!$A$2:$L$703,11,FALSE) -> #N/A | N55: =IF(E55="Coinciden",D55,IF(E55="Revisar",VLOOKUP(A55,Revisión!$A$2:$L$703,12,FALSE),"")) -> Aechmea bromeliifolia
A56: Aechmea.lingulata | B56: Wittmackia lingulata | C56: Wittmackia lingulata | D56: Wittmackia lingulata | E56: Coinciden | F56: Coinciden las tres fuentes | H56: =VLOOKUP(A56,Revisión!$A$2:$L$703,6,FALSE) -> #N/A | I56: =VLOOKUP(A56,Revisión!$A$2:$L$703,7,FALSE) -> #N/A | J56: =VLOOKUP(A56,Revisión!$A$2:$L$703,8,FALSE) -> #N/A | K56: =VLOOKUP(A56,Revisión!$A$2:$L$703,9,FALSE) -> #N/A | L56: =VLOOKUP(A56,Revisión!$A$2:$L$703,10,FALSE) -> #N/A | M56: =VLOOKUP(A56,Revisión!$A$2:$L$703,11,FALSE) -> #N/A | N56: =IF(E56="Coinciden",D56,IF(E56="Revisar",VLOOKUP(A56,Revisión!$A$2:$L$703,12,FALSE),"")) -> Wittmackia lingulata
A57: Aechmea.cylindrata | B57: Aechmea cylindrata | C57: Aechmea cylindrata | D57: Aechmea cylindrata | E57: Coinciden | F57: Coinciden las tres fuentes | H57: =VLOOKUP(A57,Revisión!$A$2:$L$703,6,FALSE) -> #N/A | I57: =VLOOKUP(A57,Revisión!$A$2:$L$703,7,FALSE) -> #N/A | J57: =VLOOKUP(A57,Revisión!$A$2:$L$703,8,FALSE) -> #N/A | K57: =VLOOKUP(A57,Revisión!$A$2:$L$703,9,FALSE) -> #N/A | L57: =VLOOKUP(A57,Revisión!$A$2:$L$703,10,FALSE) -> #N/A | M57: =VLOOKUP(A57,Revisión!$A$2:$L$703,11,FALSE) -> #N/A | N57: =IF(E57="Coinciden",D57,IF(E57="Revisar",VLOOKUP(A57,Revisión!$A$2:$L$703,12,FALSE),"")) -> Aechmea cylindrata
A58: Aechmea.mutica | B58: Aechmea mutica | C58: Aechmea mutica | D58: Aechmea mutica | E58: Coinciden | F58: Coinciden las tres fuentes | H58: =VLOOKUP(A58,Revisión!$A$2:$L$703,6,FALSE) -> #N/A | I58: =VLOOKUP(A58,Revisión!$A$2:$L$703,7,FALSE) -> #N/A | J58: =VLOOKUP(A58,Revisión!$A$2:$L$703,8,FALSE) -> #N/A | K58: =VLOOKUP(A58,Revisión!$A$2:$L$703,9,FALSE) -> #N/A | L58: =VLOOKUP(A58,Revisión!$A$2:$L$703,10,FALSE) -> #N/A | M58: =VLOOKUP(A58,Revisión!$A$2:$L$703,11,FALSE) -> #N/A | N58: =IF(E58="Coinciden",D58,IF(E58="Revisar",VLOOKUP(A58,Revisión!$A$2:$L$703,12,FALSE),"")) -> Aechmea mutica
A59: Aechmea.nudicaulis | B59: Aechmea nudicaulis | C59: Aechmea nudicaulis | D59: Aechmea nudicaulis | E59: Coinciden | F59: Coinciden las tres fuentes | H59: =VLOOKUP(A59,Revisión!$A$2:$L$703,6,FALSE) -> #N/A | I59: =VLOOKUP(A59,Revisión!$A$2:$L$703,7,FALSE) -> #N/A | J59: =VLOOKUP(A59,Revisión!$A$2:$L$703,8,FALSE) -> #N/A | K59: =VLOOKUP(A59,Revisión!$A$2:$L$703,9,FALSE) -> #N/A | L59: =VLOOKUP(A59,Revisión!$A$2:$L$703,10,FALSE) -> #N/A | M59: =VLOOKUP(A59,Revisión!$A$2:$L$703,11,FALSE) -> #N/A | N59: =IF(E59="Coinciden",D59,IF(E59="Revisar",VLOOKUP(A59,Revisión!$A$2:$L$703,12,FALSE),"")) -> Aechmea nudicaulis
A60: Aechmea.pineliana | B60: Aechmea pineliana | C60: Aechmea pineliana | D60: Aechmea pineliana | E60: Coinciden | F60: Coinciden las tres fuentes | H60: =VLOOKUP(A60,Revisión!$A$2:$L$703,6,FALSE) -> #N/A | I60: =VLOOKUP(A60,Revisión!$A$2:$L$703,7,FALSE) -> #N/A | J60: =VLOOKUP(A60,Revisión!$A$2:$L$703,8,FALSE) -> #N/A | K60: =VLOOKUP(A60,Revisión!$A$2:$L$703,9,FALSE) -> #N/A | L60: =VLOOKUP(A60,Revisión!$A$2:$L$703,10,FALSE) -> #N/A | M60: =VLOOKUP(A60,Revisión!$A$2:$L$703,11,FALSE) -> #N/A | N60: =IF(E60="Coinciden",D60,IF(E60="Revisar",VLOOKUP(A60,Revisión!$A$2:$L$703,12,FALSE),"")) -> Aechmea pineliana
A61: Aechmea.araneosa | B61: Aechmea araneosa | C61: Aechmea araneosa | D61: Aechmea araneosa | E61: Coinciden | F61: Coinciden las tres fuentes | H61: =VLOOKUP(A61,Revisión!$A$2:$L$703,6,FALSE) -> #N/A | I61: =VLOOKUP(A61,Revisión!$A$2:$L$703,7,FALSE) -> #N/A | J61: =VLOOKUP(A61,Revisión!$A$2:$L$703,8,FALSE) -> #N/A | K61: =VLOOKUP(A61,Revisión!$A$2:$L$703,9,FALSE) -> #N/A | L61: =VLOOKUP(A61,Revisión!$A$2:$L$703,10,FALSE) -> #N/A | M61: =VLOOKUP(A61,Revisión!$A$2:$L$703,11,FALSE) -> #N/A | N61: =IF(E61="Coinciden",D61,IF(E61="Revisar",VLOOKUP(A61,Revisión!$A$2:$L$703,12,FALSE),"")) -> Aechmea araneosa
A62: Aechmea.triangularis | B62: Aechmea triangularis | C62: Aechmea triangularis | D62: Aechmea triangularis | E62: Coinciden | F62: Coinciden las tres fuentes | H62: =VLOOKUP(A62,Revisión!$A$2:$L$703,6,FALSE) -> #N/A | I62: =VLOOKUP(A62,Revisión!$A$2:$L$703,7,FALSE) -> #N/A | J62: =VLOOKUP(A62,Revisión!$A$2:$L$703,8,FALSE) -> #N/A | K62: =VLOOKUP(A62,Revisión!$A$2:$L$703,9,FALSE) -> #N/A | L62: =VLOOKUP(A62,Revisión!$A$2:$L$703,10,FALSE) -> #N/A | M62: =VLOOKUP(A62,Revisión!$A$2:$L$703,11,FALSE) -> #N/A | N62: =IF(E62="Coinciden",D62,IF(E62="Revisar",VLOOKUP(A62,Revisión!$A$2:$L$703,12,FALSE),"")) -> Aechmea triangularis
A63: Aechmea.victoriana | B63: Aechmea victoriana | C63: Aechmea victoriana | D63: Aechmea victoriana | E63: Coinciden | F63: Coinciden las tres fuentes | H63: =VLOOKUP(A63,Revisión!$A$2:$L$703,6,FALSE) -> #N/A | I63: =VLOOKUP(A63,Revisión!$A$2:$L$703,7,FALSE) -> #N/A | J63: =VLOOKUP(A63,Revisión!$A$2:$L$703,8,FALSE) -> #N/A | K63: =VLOOKUP(A63,Revisión!$A$2:$L$703,9,FALSE) -> #N/A | L63: =VLOOKUP(A63,Revisión!$A$2:$L$703,10,FALSE) -> #N/A | M63: =VLOOKUP(A63,Revisión!$A$2:$L$703,11,FALSE) -> #N/A | N63: =IF(E63="Coinciden",D63,IF(E63="Revisar",VLOOKUP(A63,Revisión!$A$2:$L$703,12,FALSE),"")) -> Aechmea victoriana
A64: Aeginetia.indica | B64: Aeginetia indica | C64: Aeginetia indica | D64: Aeginetia indica | E64: Coinciden | F64: Coinciden las tres fuentes | H64: =VLOOKUP(A64,Revisión!$A$2:$L$703,6,FALSE) -> #N/A | I64: =VLOOKUP(A64,Revisión!$A$2:$L$703,7,FALSE) -> #N/A | J64: =VLOOKUP(A64,Revisión!$A$2:$L$703,8,FALSE) -> #N/A | K64: =VLOOKUP(A64,Revisión!$A$2:$L$703,9,FALSE) -> #N/A | L64: =VLOOKUP(A64,Revisión!$A$2:$L$703,10,FALSE) -> #N/A | M64: =VLOOKUP(A64,Revisión!$A$2:$L$703,11,FALSE) -> #N/A | N64: =IF(E64="Coinciden",D64,IF(E64="Revisar",VLOOKUP(A64,Revisión!$A$2:$L$703,12,FALSE),"")) -> Aeginetia indica
A65: Aegopodium.podagraria | B65: Aegopodium podagraria | C65: Aegopodium podagraria | D65: Aegopodium podagraria | E65: Coinciden | F65: Coinciden las tres fuentes | H65: =VLOOKUP(A65,Revisión!$A$2:$L$703,6,FALSE) -> #N/A | I65: =VLOOKUP(A65,Revisión!$A$2:$L$703,7,FALSE) -> #N/A | J65: =VLOOKUP(A65,Revisión!$A$2:$L$703,8,FALSE) -> #N/A | K65: =VLOOKUP(A65,Revisión!$A$2:$L$703,9,FALSE) -> #N/A | L65: =VLOOKUP(A65,Revisión!$A$2:$L$703,10,FALSE) -> #N/A | M65: =VLOOKUP(A65,Revisión!$A$2:$L$703,11,FALSE) -> #N/A | N65: =IF(E65="Coinciden",D65,IF(E65="Revisar",VLOOKUP(A65,Revisión!$A$2:$L$703,12,FALSE),"")) -> Aegopodium podagraria
A66: Aeschynomene.pratensis | B66: Aeschynomene pratensis | C66: Aeschynomene pratensis | D66: Aeschynomene pratensis | E66: Coinciden | F66: Coinciden las tres fuentes | H66: =VLOOKUP(A66,Revisión!$A$2:$L$703,6,FALSE) -> #N/A | I66: =VLOOKUP(A66,Revisión!$A$2:$L$703,7,FALSE) -> #N/A | J66: =VLOOKUP(A66,Revisión!$A$2:$L$703,8,FALSE) -> #N/A | K66: =VLOOKUP(A66,Revisión!$A$2:$L$703,9,FALSE) -> #N/A | L66: =VLOOKUP(A66,Revisión!$A$2:$L$703,10,FALSE) -> #N/A | M66: =VLOOKUP(A66,Revisión!$A$2:$L$703,11,FALSE) -> #N/A | N66: =IF(E66="Coinciden",D66,IF(E66="Revisar",VLOOKUP(A66,Revisión!$A$2:$L$703,12,FALSE),"")) -> Aeschynomene pratensis
A67: Aeschynomene.indica | B67: Aeschynomene indica | D67: Aeschynomene indica | E67: Revisar | F67: Coinciden GBIF y WFO; rWCVP sin resultado | H67: =VLOOKUP(A67,Revisión!$A$2:$L$703,6,FALSE) -> Aeschynomene indica | I67: =VLOOKUP(A67,Revisión!$A$2:$L$703,7,FALSE) -> Aeschynomene indica | J67: =VLOOKUP(A67,Revisión!$A$2:$L$703,8,FALSE) -> Aeschynomene indica | K67: =VLOOKUP(A67,Revisión!$A$2:$L$703,9,FALSE) -> - | L67: =VLOOKUP(A67,Revisión!$A$2:$L$703,10,FALSE) -> - | M67: =VLOOKUP(A67,Revisión!$A$2:$L$703,11,FALSE) -> 3 | N67: =IF(E67="Coinciden",D67,IF(E67="Revisar",VLOOKUP(A67,Revisión!$A$2:$L$703,12,FALSE),"")) -> Aeschynomene indica
A68: Aesculus.hippocastanum | B68: Aesculus hippocastanum | C68: Aesculus hippocastanum | D68: Aesculus hippocastanum | E68: Coinciden | F68: Coinciden las tres fuentes | H68: =VLOOKUP(A68,Revisión!$A$2:$L$703,6,FALSE) -> #N/A | I68: =VLOOKUP(A68,Revisión!$A$2:$L$703,7,FALSE) -> #N/A | J68: =VLOOKUP(A68,Revisión!$A$2:$L$703,8,FALSE) -> #N/A | K68: =VLOOKUP(A68,Revisión!$A$2:$L$703,9,FALSE) -> #N/A | L68: =VLOOKUP(A68,Revisión!$A$2:$L$703,10,FALSE) -> #N/A | M68: =VLOOKUP(A68,Revisión!$A$2:$L$703,11,FALSE) -> #N/A | N68: =IF(E68="Coinciden",D68,IF(E68="Revisar",VLOOKUP(A68,Revisión!$A$2:$L$703,12,FALSE),"")) -> Aesculus hippocastanum
A69: Aesculus.glabra | B69: Aesculus glabra | C69: Aesculus glabra | D69: Aesculus glabra | E69: Coinciden | F69: Coinciden las tres fuentes | H69: =VLOOKUP(A69,Revisión!$A$2:$L$703,6,FALSE) -> #N/A | I69: =VLOOKUP(A69,Revisión!$A$2:$L$703,7,FALSE) -> #N/A | J69: =VLOOKUP(A69,Revisión!$A$2:$L$703,8,FALSE) -> #N/A | K69: =VLOOKUP(A69,Revisión!$A$2:$L$703,9,FALSE) -> #N/A | L69: =VLOOKUP(A69,Revisión!$A$2:$L$703,10,FALSE) -> #N/A | M69: =VLOOKUP(A69,Revisión!$A$2:$L$703,11,FALSE) -> #N/A | N69: =IF(E69="Coinciden",D69,IF(E69="Revisar",VLOOKUP(A69,Revisión!$A$2:$L$703,12,FALSE),"")) -> Aesculus glabra
A70: Aesculus.sylvatica | B70: Aesculus sylvatica | C70: Aesculus sylvatica | D70: Aesculus sylvatica | E70: Coinciden | F70: Coinciden las tres fuentes | H70: =VLOOKUP(A70,Revisión!$A$2:$L$703,6,FALSE) -> #N/A | I70: =VLOOKUP(A70,Revisión!$A$2:$L$703,7,FALSE) -> #N/A | J70: =VLOOKUP(A70,Revisión!$A$2:$L$703,8,FALSE) -> #N/A | K70: =VLOOKUP(A70,Revisión!$A$2:$L$703,9,FALSE) -> #N/A | L70: =VLOOKUP(A70,Revisión!$A$2:$L$703,10,FALSE) -> #N/A | M70: =VLOOKUP(A70,Revisión!$A$2:$L$703,11,FALSE) -> #N/A | N70: =IF(E70="Coinciden",D70,IF(E70="Revisar",VLOOKUP(A70,Revisión!$A$2:$L$703,12,FALSE),"")) -> Aesculus sylvatica
A71: Aesculus.turbinata | B71: Aesculus turbinata | C71: Aesculus turbinata | D71: Aesculus turbinata | E71: Coinciden | F71: Coinciden las tres fuentes | H71: =VLOOKUP(A71,Revisión!$A$2:$L$703,6,FALSE) -> #N/A | I71: =VLOOKUP(A71,Revisión!$A$2:$L$703,7,FALSE) -> #N/A | J71: =VLOOKUP(A71,Revisión!$A$2:$L$703,8,FALSE) -> #N/A | K71: =VLOOKUP(A71,Revisión!$A$2:$L$703,9,FALSE) -> #N/A | L71: =VLOOKUP(A71,Revisión!$A$2:$L$703,10,FALSE) -> #N/A | M71: =VLOOKUP(A71,Revisión!$A$2:$L$703,11,FALSE) -> #N/A | N71: =IF(E71="Coinciden",D71,IF(E71="Revisar",VLOOKUP(A71,Revisión!$A$2:$L$703,12,FALSE),"")) -> Aesculus turbinata
A72: Aesculus.camea | E72: Revisar | F72: Sin resultados en las tres fuentes | H72: =VLOOKUP(A72,Revisión!$A$2:$L$703,6,FALSE) -> Aesculus × carnea | I72: =VLOOKUP(A72,Revisión!$A$2:$L$703,7,FALSE) -> - | J72: =VLOOKUP(A72,Revisión!$A$2:$L$703,8,FALSE) -> Aesculus × carnea | K72: =VLOOKUP(A72,Revisión!$A$2:$L$703,9,FALSE) -> - | L72: =VLOOKUP(A72,Revisión!$A$2:$L$703,10,FALSE) -> - | M72: =VLOOKUP(A72,Revisión!$A$2:$L$703,11,FALSE) -> 2 | N72: =IF(E72="Coinciden",D72,IF(E72="Revisar",VLOOKUP(A72,Revisión!$A$2:$L$703,12,FALSE),"")) -> Aesculus × carnea
A73: Aetheorrina.bulbosa | C73: Sonchus bulbosus | D73: Sonchus bulbosus | E73: Revisar | F73: Coinciden rWCVP y WFO; GBIF sin resultado | H73: =VLOOKUP(A73,Revisión!$A$2:$L$703,6,FALSE) -> - | I73: =VLOOKUP(A73,Revisión!$A$2:$L$703,7,FALSE) -> Sonchus bulbosus | J73: =VLOOKUP(A73,Revisión!$A$2:$L$703,8,FALSE) -> Sonchus bulbosus | K73: =VLOOKUP(A73,Revisión!$A$2:$L$703,9,FALSE) -> - | L73: =VLOOKUP(A73,Revisión!$A$2:$L$703,10,FALSE) -> - | M73: =VLOOKUP(A73,Revisión!$A$2:$L$703,11,FALSE) -> 2 | N73: =IF(E73="Coinciden",D73,IF(E73="Revisar",VLOOKUP(A73,Revisión!$A$2:$L$703,12,FALSE),"")) -> Sonchus bulbosus
A74: Aethusa.cynapium | B74: Aethusa cynapium | C74: Aethusa cynapium | D74: Aethusa cynapium | E74: Coinciden | F74: Coinciden las tres fuentes | H74: =VLOOKUP(A74,Revisión!$A$2:$L$703,6,FALSE) -> #N/A | I74: =VLOOKUP(A74,Revisión!$A$2:$L$703,7,FALSE) -> #N/A | J74: =VLOOKUP(A74,Revisión!$A$2:$L$703,8,FALSE) -> #N/A | K74: =VLOOKUP(A74,Revisión!$A$2:$L$703,9,FALSE) -> #N/A | L74: =VLOOKUP(A74,Revisión!$A$2:$L$703,10,FALSE) -> #N/A | M74: =VLOOKUP(A74,Revisión!$A$2:$L$703,11,FALSE) -> #N/A | N74: =IF(E74="Coinciden",D74,IF(E74="Revisar",VLOOKUP(A74,Revisión!$A$2:$L$703,12,FALSE),"")) -> Aethusa cynapium
A75: Agastache.scrophulariaefolia | C75: Agastache scrophulariifolia | D75: Agastache scrophulariifolia | E75: Revisar | F75: Coinciden rWCVP y WFO; GBIF sin resultado | H75: =VLOOKUP(A75,Revisión!$A$2:$L$703,6,FALSE) -> Agastache scrophulariifolia | I75: =VLOOKUP(A75,Revisión!$A$2:$L$703,7,FALSE) -> Agastache scrophulariifolia | J75: =VLOOKUP(A75,Revisión!$A$2:$L$703,8,FALSE) -> Agastache scrophulariifolia | K75: =VLOOKUP(A75,Revisión!$A$2:$L$703,9,FALSE) -> - | L75: =VLOOKUP(A75,Revisión!$A$2:$L$703,10,FALSE) -> - | M75: =VLOOKUP(A75,Revisión!$A$2:$L$703,11,FALSE) -> 3 | N75: =IF(E75="Coinciden",D75,IF(E75="Revisar",VLOOKUP(A75,Revisión!$A$2:$L$703,12,FALSE),"")) -> Agastache scrophulariifolia
A76: Agastache.nepetoides | B76: Agastache nepetoides | C76: Agastache nepetoides | D76: Agastache nepetoides | E76: Coinciden | F76: Coinciden las tres fuentes | H76: =VLOOKUP(A76,Revisión!$A$2:$L$703,6,FALSE) -> #N/A | I76: =VLOOKUP(A76,Revisión!$A$2:$L$703,7,FALSE) -> #N/A | J76: =VLOOKUP(A76,Revisión!$A$2:$L$703,8,FALSE) -> #N/A | K76: =VLOOKUP(A76,Revisión!$A$2:$L$703,9,FALSE) -> #N/A | L76: =VLOOKUP(A76,Revisión!$A$2:$L$703,10,FALSE) -> #N/A | M76: =VLOOKUP(A76,Revisión!$A$2:$L$703,11,FALSE) -> #N/A | N76: =IF(E76="Coinciden",D76,IF(E76="Revisar",VLOOKUP(A76,Revisión!$A$2:$L$703,12,FALSE),"")) -> Agastache nepetoides
A77: Agauria.salicifolia | B77: Agarista salicifolia | C77: Agarista salicifolia | D77: Agarista salicifolia | E77: Coinciden | F77: Coinciden las tres fuentes | H77: =VLOOKUP(A77,Revisión!$A$2:$L$703,6,FALSE) -> #N/A | I77: =VLOOKUP(A77,Revisión!$A$2:$L$703,7,FALSE) -> #N/A | J77: =VLOOKUP(A77,Revisión!$A$2:$L$703,8,FALSE) -> #N/A | K77: =VLOOKUP(A77,Revisión!$A$2:$L$703,9,FALSE) -> #N/A | L77: =VLOOKUP(A77,Revisión!$A$2:$L$703,10,FALSE) -> #N/A | M77: =VLOOKUP(A77,Revisión!$A$2:$L$703,11,FALSE) -> #N/A | N77: =IF(E77="Coinciden",D77,IF(E77="Revisar",VLOOKUP(A77,Revisión!$A$2:$L$703,12,FALSE),"")) -> Agarista salicifolia
A78: Ageratum.houstonianum | B78: Ageratum houstonianum | C78: Ageratum houstonianum | D78: Ageratum houstonianum | E78: Coinciden | F78: Coinciden las tres fuentes | H78: =VLOOKUP(A78,Revisión!$A$2:$L$703,6,FALSE) -> #N/A | I78: =VLOOKUP(A78,Revisión!$A$2:$L$703,7,FALSE) -> #N/A | J78: =VLOOKUP(A78,Revisión!$A$2:$L$703,8,FALSE) -> #N/A | K78: =VLOOKUP(A78,Revisión!$A$2:$L$703,9,FALSE) -> #N/A | L78: =VLOOKUP(A78,Revisión!$A$2:$L$703,10,FALSE) -> #N/A | M78: =VLOOKUP(A78,Revisión!$A$2:$L$703,11,FALSE) -> #N/A | N78: =IF(E78="Coinciden",D78,IF(E78="Revisar",VLOOKUP(A78,Revisión!$A$2:$L$703,12,FALSE),"")) -> Ageratum houstonianum
A79: Ageratum.conyzoides | B79: Ageratum conyzoides | D79: Ageratum conyzoides | E79: Revisar | F79: Coinciden GBIF y WFO; rWCVP sin resultado | H79: =VLOOKUP(A79,Revisión!$A$2:$L$703,6,FALSE) -> Ageratum conyzoides | I79: =VLOOKUP(A79,Revisión!$A$2:$L$703,7,FALSE) -> Ageratum conyzoides | J79: =VLOOKUP(A79,Revisión!$A$2:$L$703,8,FALSE) -> Ageratum conyzoides | K79: =VLOOKUP(A79,Revisión!$A$2:$L$703,9,FALSE) -> - | L79: =VLOOKUP(A79,Revisión!$A$2:$L$703,10,FALSE) -> - | M79: =VLOOKUP(A79,Revisión!$A$2:$L$703,11,FALSE) -> 3 | N79: =IF(E79="Coinciden",D79,IF(E79="Revisar",VLOOKUP(A79,Revisión!$A$2:$L$703,12,FALSE),"")) -> Ageratum conyzoides
A80: Ageretina.adenophora | C80: Ageratina adenophora | D80: Ageratina adenophora | E80: Revisar | F80: Coinciden rWCVP y WFO; GBIF sin resultado | H80: =VLOOKUP(A80,Revisión!$A$2:$L$703,6,FALSE) -> Ageratina adenophora | I80: =VLOOKUP(A80,Revisión!$A$2:$L$703,7,FALSE) -> Ageratina adenophora | J80: =VLOOKUP(A80,Revisión!$A$2:$L$703,8,FALSE) -> Ageratina adenophora | K80: =VLOOKUP(A80,Revisión!$A$2:$L$703,9,FALSE) -> - | L80: =VLOOKUP(A80,Revisión!$A$2:$L$703,10,FALSE) -> - | M80: =VLOOKUP(A80,Revisión!$A$2:$L$703,11,FALSE) -> 3 | N80: =IF(E80="Coinciden",D80,IF(E80="Revisar",VLOOKUP(A80,Revisión!$A$2:$L$703,12,FALSE),"")) -> Ageratina adenophora
A81: Agrimonia.striata | B81: Agrimonia striata | D81: Agrimonia striata | E81: Revisar | F81: Coinciden GBIF y WFO; rWCVP sin resultado | H81: =VLOOKUP(A81,Revisión!$A$2:$L$703,6,FALSE) -> Agrimonia striata | I81: =VLOOKUP(A81,Revisión!$A$2:$L$703,7,FALSE) -> Agrimonia striata | J81: =VLOOKUP(A81,Revisión!$A$2:$L$703,8,FALSE) -> Agrimonia striata | K81: =VLOOKUP(A81,Revisión!$A$2:$L$703,9,FALSE) -> - | L81: =VLOOKUP(A81,Revisión!$A$2:$L$703,10,FALSE) -> - | M81: =VLOOKUP(A81,Revisión!$A$2:$L$703,11,FALSE) -> 3 | N81: =IF(E81="Coinciden",D81,IF(E81="Revisar",VLOOKUP(A81,Revisión!$A$2:$L$703,12,FALSE),"")) -> Agrimonia striata
A82: Agrimonia.eupatoria | B82: Agrimonia eupatoria | C82: Agrimonia eupatoria | D82: Agrimonia eupatoria | E82: Coinciden | F82: Coinciden las tres fuentes | H82: =VLOOKUP(A82,Revisión!$A$2:$L$703,6,FALSE) -> #N/A | I82: =VLOOKUP(A82,Revisión!$A$2:$L$703,7,FALSE) -> #N/A | J82: =VLOOKUP(A82,Revisión!$A$2:$L$703,8,FALSE) -> #N/A | K82: =VLOOKUP(A82,Revisión!$A$2:$L$703,9,FALSE) -> #N/A | L82: =VLOOKUP(A82,Revisión!$A$2:$L$703,10,FALSE) -> #N/A | M82: =VLOOKUP(A82,Revisión!$A$2:$L$703,11,FALSE) -> #N/A | N82: =IF(E82="Coinciden",D82,IF(E82="Revisar",VLOOKUP(A82,Revisión!$A$2:$L$703,12,FALSE),"")) -> Agrimonia eupatoria
A83: Agrimonia.pilosa | B83: Agrimonia pilosa | D83: Agrimonia pilosa | E83: Revisar | F83: Coinciden GBIF y WFO; rWCVP sin resultado | H83: =VLOOKUP(A83,Revisión!$A$2:$L$703,6,FALSE) -> Agrimonia pilosa | I83: =VLOOKUP(A83,Revisión!$A$2:$L$703,7,FALSE) -> Agrimonia pilosa | J83: =VLOOKUP(A83,Revisión!$A$2:$L$703,8,FALSE) -> Agrimonia pilosa | K83: =VLOOKUP(A83,Revisión!$A$2:$L$703,9,FALSE) -> - | L83: =VLOOKUP(A83,Revisión!$A$2:$L$703,10,FALSE) -> - | M83: =VLOOKUP(A83,Revisión!$A$2:$L$703,11,FALSE) -> 3 | N83: =IF(E83="Coinciden",D83,IF(E83="Revisar",VLOOKUP(A83,Revisión!$A$2:$L$703,12,FALSE),"")) -> Agrimonia pilosa
A84: Agrostis.clavata | B84: Agrostis clavata | C84: Agrostis clavata | D84: Agrostis clavata | E84: Coinciden | F84: Coinciden las tres fuentes | H84: =VLOOKUP(A84,Revisión!$A$2:$L$703,6,FALSE) -> #N/A | I84: =VLOOKUP(A84,Revisión!$A$2:$L$703,7,FALSE) -> #N/A | J84: =VLOOKUP(A84,Revisión!$A$2:$L$703,8,FALSE) -> #N/A | K84: =VLOOKUP(A84,Revisión!$A$2:$L$703,9,FALSE) -> #N/A | L84: =VLOOKUP(A84,Revisión!$A$2:$L$703,10,FALSE) -> #N/A | M84: =VLOOKUP(A84,Revisión!$A$2:$L$703,11,FALSE) -> #N/A | N84: =IF(E84="Coinciden",D84,IF(E84="Revisar",VLOOKUP(A84,Revisión!$A$2:$L$703,12,FALSE),"")) -> Agrostis clavata
A85: Aichryson.laxum | B85: Aichryson laxum | C85: Aichryson laxum | D85: Aichryson laxum | E85: Coinciden | F85: Coinciden las tres fuentes | H85: =VLOOKUP(A85,Revisión!$A$2:$L$703,6,FALSE) -> #N/A | I85: =VLOOKUP(A85,Revisión!$A$2:$L$703,7,FALSE) -> #N/A | J85: =VLOOKUP(A85,Revisión!$A$2:$L$703,8,FALSE) -> #N/A | K85: =VLOOKUP(A85,Revisión!$A$2:$L$703,9,FALSE) -> #N/A | L85: =VLOOKUP(A85,Revisión!$A$2:$L$703,10,FALSE) -> #N/A | M85: =VLOOKUP(A85,Revisión!$A$2:$L$703,11,FALSE) -> #N/A | N85: =IF(E85="Coinciden",D85,IF(E85="Revisar",VLOOKUP(A85,Revisión!$A$2:$L$703,12,FALSE),"")) -> Aichryson laxum
A86: Ainsliaea.acerifolia | B86: Ainsliaea acerifolia | C86: Ainsliaea acerifolia | D86: Ainsliaea acerifolia | E86: Coinciden | F86: Coinciden las tres fuentes | H86: =VLOOKUP(A86,Revisión!$A$2:$L$703,6,FALSE) -> #N/A | I86: =VLOOKUP(A86,Revisión!$A$2:$L$703,7,FALSE) -> #N/A | J86: =VLOOKUP(A86,Revisión!$A$2:$L$703,8,FALSE) -> #N/A | K86: =VLOOKUP(A86,Revisión!$A$2:$L$703,9,FALSE) -> #N/A | L86: =VLOOKUP(A86,Revisión!$A$2:$L$703,10,FALSE) -> #N/A | M86: =VLOOKUP(A86,Revisión!$A$2:$L$703,11,FALSE) -> #N/A | N86: =IF(E86="Coinciden",D86,IF(E86="Revisar",VLOOKUP(A86,Revisión!$A$2:$L$703,12,FALSE),"")) -> Ainsliaea acerifolia
A87: Ajuga.reptans | B87: Ajuga reptans | C87: Ajuga reptans | D87: Ajuga reptans | E87: Coinciden | F87: Coinciden las tres fuentes | H87: =VLOOKUP(A87,Revisión!$A$2:$L$703,6,FALSE) -> #N/A | I87: =VLOOKUP(A87,Revisión!$A$2:$L$703,7,FALSE) -> #N/A | J87: =VLOOKUP(A87,Revisión!$A$2:$L$703,8,FALSE) -> #N/A | K87: =VLOOKUP(A87,Revisión!$A$2:$L$703,9,FALSE) -> #N/A | L87: =VLOOKUP(A87,Revisión!$A$2:$L$703,10,FALSE) -> #N/A | M87: =VLOOKUP(A87,Revisión!$A$2:$L$703,11,FALSE) -> #N/A | N87: =IF(E87="Coinciden",D87,IF(E87="Revisar",VLOOKUP(A87,Revisión!$A$2:$L$703,12,FALSE),"")) -> Ajuga reptans
A88: Ajuga.dictyocarpa | B88: Ajuga dictyocarpa | C88: Ajuga dictyocarpa | D88: Ajuga dictyocarpa | E88: Coinciden | F88: Coinciden las tres fuentes | H88: =VLOOKUP(A88,Revisión!$A$2:$L$703,6,FALSE) -> #N/A | I88: =VLOOKUP(A88,Revisión!$A$2:$L$703,7,FALSE) -> #N/A | J88: =VLOOKUP(A88,Revisión!$A$2:$L$703,8,FALSE) -> #N/A | K88: =VLOOKUP(A88,Revisión!$A$2:$L$703,9,FALSE) -> #N/A | L88: =VLOOKUP(A88,Revisión!$A$2:$L$703,10,FALSE) -> #N/A | M88: =VLOOKUP(A88,Revisión!$A$2:$L$703,11,FALSE) -> #N/A | N88: =IF(E88="Coinciden",D88,IF(E88="Revisar",VLOOKUP(A88,Revisión!$A$2:$L$703,12,FALSE),"")) -> Ajuga dictyocarpa
A89: Akebia.quinata | B89: Akebia quinata | C89: Akebia quinata | D89: Akebia quinata | E89: Coinciden | F89: Coinciden las tres fuentes | H89: =VLOOKUP(A89,Revisión!$A$2:$L$703,6,FALSE) -> #N/A | I89: =VLOOKUP(A89,Revisión!$A$2:$L$703,7,FALSE) -> #N/A | J89: =VLOOKUP(A89,Revisión!$A$2:$L$703,8,FALSE) -> #N/A | K89: =VLOOKUP(A89,Revisión!$A$2:$L$703,9,FALSE) -> #N/A | L89: =VLOOKUP(A89,Revisión!$A$2:$L$703,10,FALSE) -> #N/A | M89: =VLOOKUP(A89,Revisión!$A$2:$L$703,11,FALSE) -> #N/A | N89: =IF(E89="Coinciden",D89,IF(E89="Revisar",VLOOKUP(A89,Revisión!$A$2:$L$703,12,FALSE),"")) -> Akebia quinata
A90: Alangium.platanifolium | B90: Alangium platanifolium | C90: Alangium platanifolium | D90: Alangium platanifolium | E90: Coinciden | F90: Coinciden las tres fuentes | H90: =VLOOKUP(A90,Revisión!$A$2:$L$703,6,FALSE) -> #N/A | I90: =VLOOKUP(A90,Revisión!$A$2:$L$703,7,FALSE) -> #N/A | J90: =VLOOKUP(A90,Revisión!$A$2:$L$703,8,FALSE) -> #N/A | K90: =VLOOKUP(A90,Revisión!$A$2:$L$703,9,FALSE) -> #N/A | L90: =VLOOKUP(A90,Revisión!$A$2:$L$703,10,FALSE) -> #N/A | M90: =VLOOKUP(A90,Revisión!$A$2:$L$703,11,FALSE) -> #N/A | N90: =IF(E90="Coinciden",D90,IF(E90="Revisar",VLOOKUP(A90,Revisión!$A$2:$L$703,12,FALSE),"")) -> Alangium platanifolium
A91: Albizzia.julibrissin | B91: Albizia julibrissin | C91: Albizia julibrissin | D91: Albizia julibrissin | E91: Coinciden | F91: Coinciden las tres fuentes | H91: =VLOOKUP(A91,Revisión!$A$2:$L$703,6,FALSE) -> #N/A | I91: =VLOOKUP(A91,Revisión!$A$2:$L$703,7,FALSE) -> #N/A | J91: =VLOOKUP(A91,Revisión!$A$2:$L$703,8,FALSE) -> #N/A | K91: =VLOOKUP(A91,Revisión!$A$2:$L$703,9,FALSE) -> #N/A | L91: =VLOOKUP(A91,Revisión!$A$2:$L$703,10,FALSE) -> #N/A | M91: =VLOOKUP(A91,Revisión!$A$2:$L$703,11,FALSE) -> #N/A | N91: =IF(E91="Coinciden",D91,IF(E91="Revisar",VLOOKUP(A91,Revisión!$A$2:$L$703,12,FALSE),"")) -> Albizia julibrissin
A92: Alcea.pallida | B92: Alcea pallida | C92: Alcea biennis | D92: Alcea biennis | E92: Revisar | F92: Coinciden rWCVP y WFO; GBIF es diferente | H92: =VLOOKUP(A92,Revisión!$A$2:$L$703,6,FALSE) -> Alcea biennis | I92: =VLOOKUP(A92,Revisión!$A$2:$L$703,7,FALSE) -> Alcea biennis | J92: =VLOOKUP(A92,Revisión!$A$2:$L$703,8,FALSE) -> Alcea biennis | K92: =VLOOKUP(A92,Revisión!$A$2:$L$703,9,FALSE) -> - | L92: =VLOOKUP(A92,Revisión!$A$2:$L$703,10,FALSE) -> - | M92: =VLOOKUP(A92,Revisión!$A$2:$L$703,11,FALSE) -> 3 | N92: =IF(E92="Coinciden",D92,IF(E92="Revisar",VLOOKUP(A92,Revisión!$A$2:$L$703,12,FALSE),"")) -> Alcea biennis
A93: Aletris.luteoviridis | B93: Metanarthecium luteoviride | C93: Metanarthecium luteoviride | D93: Metanarthecium luteoviride | E93: Coinciden | F93: Coinciden las tres fuentes | H93: =VLOOKUP(A93,Revisión!$A$2:$L$703,6,FALSE) -> #N/A | I93: =VLOOKUP(A93,Revisión!$A$2:$L$703,7,FALSE) -> #N/A | J93: =VLOOKUP(A93,Revisión!$A$2:$L$703,8,FALSE) -> #N/A | K93: =VLOOKUP(A93,Revisión!$A$2:$L$703,9,FALSE) -> #N/A | L93: =VLOOKUP(A93,Revisión!$A$2:$L$703,10,FALSE) -> #N/A | M93: =VLOOKUP(A93,Revisión!$A$2:$L$703,11,FALSE) -> #N/A | N93: =IF(E93="Coinciden",D93,IF(E93="Revisar",VLOOKUP(A93,Revisión!$A$2:$L$703,12,FALSE),"")) -> Metanarthecium luteoviride
A94: Alisma.canaliculatum | B94: Alisma canaliculatum | C94: Alisma canaliculatum | D94: Alisma canaliculatum | E94: Coinciden | F94: Coinciden las tres fuentes | H94: =VLOOKUP(A94,Revisión!$A$2:$L$703,6,FALSE) -> #N/A | I94: =VLOOKUP(A94,Revisión!$A$2:$L$703,7,FALSE) -> #N/A | J94: =VLOOKUP(A94,Revisión!$A$2:$L$703,8,FALSE) -> #N/A | K94: =VLOOKUP(A94,Revisión!$A$2:$L$703,9,FALSE) -> #N/A | L94: =VLOOKUP(A94,Revisión!$A$2:$L$703,10,FALSE) -> #N/A | M94: =VLOOKUP(A94,Revisión!$A$2:$L$703,11,FALSE) -> #N/A | N94: =IF(E94="Coinciden",D94,IF(E94="Revisar",VLOOKUP(A94,Revisión!$A$2:$L$703,12,FALSE),"")) -> Alisma canaliculatum
A95: Alisma.plantago.aquatica | C95: Alisma plantago-aquatica | D95: Alisma plantago-aquatica | E95: Revisar | F95: Coinciden rWCVP y WFO; GBIF sin resultado | H95: =VLOOKUP(A95,Revisión!$A$2:$L$703,6,FALSE) -> Alisma plantago-aquatica | I95: =VLOOKUP(A95,Revisión!$A$2:$L$703,7,FALSE) -> Alisma plantago-aquatica | J95: =VLOOKUP(A95,Revisión!$A$2:$L$703,8,FALSE) -> Alisma plantago-aquatica | K95: =VLOOKUP(A95,Revisión!$A$2:$L$703,9,FALSE) -> - | L95: =VLOOKUP(A95,Revisión!$A$2:$L$703,10,FALSE) -> - | M95: =VLOOKUP(A95,Revisión!$A$2:$L$703,11,FALSE) -> 3 | N95: =IF(E95="Coinciden",D95,IF(E95="Revisar",VLOOKUP(A95,Revisión!$A$2:$L$703,12,FALSE),"")) -> Alisma plantago-aquatica
A96: Alium.grayi | C96: Allium macrostemon | D96: Allium macrostemon | E96: Revisar | F96: Coinciden rWCVP y WFO; GBIF sin resultado | H96: =VLOOKUP(A96,Revisión!$A$2:$L$703,6,FALSE) -> Allium macrostemon | I96: =VLOOKUP(A96,Revisión!$A$2:$L$703,7,FALSE) -> Allium macrostemon | J96: =VLOOKUP(A96,Revisión!$A$2:$L$703,8,FALSE) -> Allium macrostemon | K96: =VLOOKUP(A96,Revisión!$A$2:$L$703,9,FALSE) -> - | L96: =VLOOKUP(A96,Revisión!$A$2:$L$703,10,FALSE) -> - | M96: =VLOOKUP(A96,Revisión!$A$2:$L$703,11,FALSE) -> 3 | N96: =IF(E96="Coinciden",D96,IF(E96="Revisar",VLOOKUP(A96,Revisión!$A$2:$L$703,12,FALSE),"")) -> Allium macrostemon
A97: Alkanna.tinctoria | B97: Alkanna tinctoria | D97: Alkanna tinctoria | E97: Revisar | F97: Coinciden GBIF y WFO; rWCVP sin resultado | H97: =VLOOKUP(A97,Revisión!$A$2:$L$703,6,FALSE) -> Alkanna tinctoria | I97: =VLOOKUP(A97,Revisión!$A$2:$L$703,7,FALSE) -> Alkanna tinctoria | J97: =VLOOKUP(A97,Revisión!$A$2:$L$703,8,FALSE) -> Alkanna tinctoria | K97: =VLOOKUP(A97,Revisión!$A$2:$L$703,9,FALSE) -> - | L97: =VLOOKUP(A97,Revisión!$A$2:$L$703,10,FALSE) -> - | M97: =VLOOKUP(A97,Revisión!$A$2:$L$703,11,FALSE) -> 3 | N97: =IF(E97="Coinciden",D97,IF(E97="Revisar",VLOOKUP(A97,Revisión!$A$2:$L$703,12,FALSE),"")) -> Alkanna tinctoria
A98: Allium.subhirsutum | B98: Allium subhirsutum | D98: Allium subhirsutum | E98: Revisar | F98: Coinciden GBIF y WFO; rWCVP sin resultado | H98: =VLOOKUP(A98,Revisión!$A$2:$L$703,6,FALSE) -> Allium subhirsutum | I98: =VLOOKUP(A98,Revisión!$A$2:$L$703,7,FALSE) -> Allium subhirsutum | J98: =VLOOKUP(A98,Revisión!$A$2:$L$703,8,FALSE) -> Allium subhirsutum | K98: =VLOOKUP(A98,Revisión!$A$2:$L$703,9,FALSE) -> - | L98: =VLOOKUP(A98,Revisión!$A$2:$L$703,10,FALSE) -> - | M98: =VLOOKUP(A98,Revisión!$A$2:$L$703,11,FALSE) -> 3 | N98: =IF(E98="Coinciden",D98,IF(E98="Revisar",VLOOKUP(A98,Revisión!$A$2:$L$703,12,FALSE),"")) -> Allium subhirsutum
A99: Allium.neapolitanum | B99: Allium neapolitanum | C99: Allium neapolitanum | D99: Allium neapolitanum | E99: Coinciden | F99: Coinciden las tres fuentes | H99: =VLOOKUP(A99,Revisión!$A$2:$L$703,6,FALSE) -> #N/A | I99: =VLOOKUP(A99,Revisión!$A$2:$L$703,7,FALSE) -> #N/A | J99: =VLOOKUP(A99,Revisión!$A$2:$L$703,8,FALSE) -> #N/A | K99: =VLOOKUP(A99,Revisión!$A$2:$L$703,9,FALSE) -> #N/A | L99: =VLOOKUP(A99,Revisión!$A$2:$L$703,10,FALSE) -> #N/A | M99: =VLOOKUP(A99,Revisión!$A$2:$L$703,11,FALSE) -> #N/A | N99: =IF(E99="Coinciden",D99,IF(E99="Revisar",VLOOKUP(A99,Revisión!$A$2:$L$703,12,FALSE),"")) -> Allium neapolitanum
A100: Allium.recurvatum | B100: Allium cernuum | C100: Allium cernuum | D100: Allium cernuum | E100: Coinciden | F100: Coinciden las tres fuentes | H100: =VLOOKUP(A100,Revisión!$A$2:$L$703,6,FALSE) -> #N/A | I100: =VLOOKUP(A100,Revisión!$A$2:$L$703,7,FALSE) -> #N/A | J100: =VLOOKUP(A100,Revisión!$A$2:$L$703,8,FALSE) -> #N/A | K100: =VLOOKUP(A100,Revisión!$A$2:$L$703,9,FALSE) -> #N/A | L100: =VLOOKUP(A100,Revisión!$A$2:$L$703,10,FALSE) -> #N/A | M100: =VLOOKUP(A100,Revisión!$A$2:$L$703,11,FALSE) -> #N/A | N100: =IF(E100="Coinciden",D100,IF(E100="Revisar",VLOOKUP(A100,Revisión!$A$2:$L$703,12,FALSE),"")) -> Allium cernuum
...

Sheet Revisión
B1: DATOS ORIGINALES | F1: DATOS NUEVOS | M1: -
A2: Genero.especie | B2: Nombre_aceptado_GBIF | C2: Nombre_aceptado_rWCVP | D2: Nombre_aceptado_WFO | E2: Detalle_comparacion_inicial | F2: Nombre_aceptado_GBIF | G2: Nombre_aceptado_WFO | H2: Nombre_aceptado_POWO | I2: Nombre_aceptado_COL (www.catalogueoflife.org) | J2: Nombre_aceptado_WP (www.worldplants.de) | K2: N° de fuentes que coinciden | L2: Especie actual | M2: Referencia extra
A3: Abelia.grandiflora | B3: Abelia chinensis | E3: Falta resultado en una o más fuentes | F3: Abelia × grandiflora | G3: Abelia × grandiflora | H3: Abelia × grandiflora | I3: - | J3: - | K3: 3 | L3: Abelia × grandiflora | M3: -
A4: Abelia.serrata | B4: Diabelia serrata | C4: Diabelia serrata | D4: Linnaea serrata | E4: Coinciden GBIF y rWCVP; WFO es diferente | F4: Diabelia serrata | G4: Diabelia serrata | H4: Diabelia serrata | I4: - | J4: - | K4: 3 | L4: Diabelia serrata | M4: -
A5: Abutilon.depauperatum | B5: Abutilon depauperatum | C5: Pseudabutilon depauperatum | D5: Pseudabutilon depauperatum | E5: Coinciden rWCVP y WFO; GBIF es diferente | F5: Pseudabutilon depauperatum | G5: Pseudabutilon depauperatum | H5: Pseudabutilon depauperatum | I5: - | J5: - | K5: 3 | L5: Pseudabutilon depauperatum | M5: -
A6: Acacia insulae-iacobi | F6: Vachellia insulae-iacobi | G6: Vachellia insulae-iacobi | H6: Vachellia insulae-iacobi | I6: - | J6: - | K6: 3 | L6: Vachellia insulae-iacobi | M6: -
A7: Acacia.macracantha | F7: Vachellia macracantha | G7: Vachellia macracantha | H7: Vachellia macracantha | I7: - | J7: - | K7: 3 | L7: Vachellia macracantha | M7: -
A8: Acaena.pinnatifida | B8: Acaena pinnatifida | D8: Acaena pinnatifida | E8: Coinciden GBIF y WFO; rWCVP sin resultado | F8: Acaena pinnatifida | G8: Acaena pinnatifida | H8: Acaena pinnatifida | I8: - | J8: - | K8: 3 | L8: Acaena pinnatifida | M8: -
A9: Acanthostachys.strobilaceae | F9: Acanthostachys strobilacea | G9: Acanthostachys strobilacea | H9: Acanthostachys strobilacea | I9: - | J9: - | K9: 3 | L9: Acanthostachys strobilacea | M9: -
A10: Acer.insulae | C10: Acer insulare | D10: Acer insulare | E10: Coinciden rWCVP y WFO; GBIF sin resultado | F10: Acer insulare | G10: Acer insulare | H10: Acer insulare | I10: - | J10: - | K10: 3 | L10: Acer insulare | M10: -
A11: Achyrocline.satureoides | C11: Achyrocline saturejoides | D11: Achyrocline satureioides | E11: Falta resultado en una o más fuentes | F11: Achyrocline saturejoides | G11: Achyrocline saturejoides | H11: Achyrocline saturejoides | I11: - | J11: - | K11: 3 | L11: Achyrocline saturejoides | M11: -
A12: Aciphylla.scott-thompsoni | C12: Aciphylla scott-thomsonii | D12: Aciphylla scott-thomsonii | E12: Coinciden rWCVP y WFO; GBIF sin resultado | F12: Aciphylla scott-thomsonii | G12: Aciphylla scott-thomsonii | H12: Aciphylla scott-thomsonii | I12: - | J12: - | K12: 3 | L12: Aciphylla scott-thomsonii | M12: -
A13: Aciphylla.subflavellata | C13: Aciphylla subflabellata | D13: Aciphylla subflabellata | E13: Coinciden rWCVP y WFO; GBIF sin resultado | F13: Aciphylla subflabellata | G13: Aciphylla subflabellata | H13: Aciphylla subflabellata | I13: - | J13: - | K13: 3 | L13: Aciphylla subflabellata | M13: -
A14: Aconitum.japonicum.montanum | B14: Aconitum japonicum subsp. japonicum | C14: Aconitum japonicum subsp. japonicum | D14: Aconitum japonicum | E14: Coinciden GBIF y rWCVP; WFO es diferente | F14: Aconitum japonicum subsp. japonicum | G14: - | H14: Aconitum japonicum subsp. japonicum | I14: - | J14: - | K14: 2 | L14: Aconitum japonicum subsp. japonicum | M14: -
A15: Actea.alba | C15: Actaea rubra | D15: Actaea rubra | E15: Coinciden rWCVP y WFO; GBIF sin resultado | F15: Actaea rubra | G15: Actaea rubra | H15: Actaea rubra | I15: - | J15: - | K15: 3 | L15: Actaea rubra | M15: -
A16: Adenocarpus.foliosus | C16: Adenocarpus complicatus subsp. aureus | D16: Adenocarpus foliolosus | E16: Falta resultado en una o más fuentes | F16: Adenocarpus foliolosus | G16: Adenocarpus foliolosus | H16: Adenocarpus foliolosus | I16: - | J16: - | K16: 3 | L16: Adenocarpus foliolosus | M16: -
A17: Adesmia.brachysemon | C17: Adesmia brachysemeon | D17: Adesmia brachysemeon | E17: Coinciden rWCVP y WFO; GBIF sin resultado | F17: Adesmia brachysemeon | G17: Adesmia brachysemeon | H17: Adesmia brachysemeon | I17: - | J17: - | K17: 3 | L17: Adesmia brachysemeon | M17: -
A18: Adesmia.haemisphaerica | C18: Adesmia hemisphaerica | D18: Adesmia hemisphaerica | E18: Coinciden rWCVP y WFO; GBIF sin resultado | F18: Adesmia hemisphaerica | G18: Adesmia hemisphaerica | H18: Adesmia hemisphaerica | I18: - | J18: - | K18: 3 | L18: Adesmia hemisphaerica | M18: -
A19: Aechmea.paniculigera | B19: Aechmea paniculigera | D19: Aechmea paniculigera | E19: Coinciden GBIF y WFO; rWCVP sin resultado | F19: Aechmea paniculigera | G19: Aechmea paniculigera | H19: Aechmea paniculigera | I19: - | J19: - | K19: 3 | L19: Aechmea paniculigera | M19: -
A20: Aeschynomene.indica | B20: Aeschynomene indica | D20: Aeschynomene indica | E20: Coinciden GBIF y WFO; rWCVP sin resultado | F20: Aeschynomene indica | G20: Aeschynomene indica | H20: Aeschynomene indica | I20: - | J20: - | K20: 3 | L20: Aeschynomene indica | M20: -
A21: Aesculus.camea | E21: Sin resultados en las tres fuentes | F21: Aesculus × carnea | G21: - | H21: Aesculus × carnea | I21: - | J21: - | K21: 2 | L21: Aesculus × carnea | M21: -
A22: Aetheorrina.bulbosa | C22: Sonchus bulbosus | D22: Sonchus bulbosus | E22: Coinciden rWCVP y WFO; GBIF sin resultado | F22: - | G22: Sonchus bulbosus | H22: Sonchus bulbosus | I22: - | J22: - | K22: 2 | L22: Sonchus bulbosus | M22: -
A23: Agastache.scrophulariaefolia | C23: Agastache scrophulariifolia | D23: Agastache scrophulariifolia | E23: Coinciden rWCVP y WFO; GBIF sin resultado | F23: Agastache scrophulariifolia | G23: Agastache scrophulariifolia | H23: Agastache scrophulariifolia | I23: - | J23: - | K23: 3 | L23: Agastache scrophulariifolia | M23: -
A24: Ageratum.conyzoides | B24: Ageratum conyzoides | D24: Ageratum conyzoides | E24: Coinciden GBIF y WFO; rWCVP sin resultado | F24: Ageratum conyzoides | G24: Ageratum conyzoides | H24: Ageratum conyzoides | I24: - | J24: - | K24: 3 | L24: Ageratum conyzoides | M24: -
A25: Ageretina.adenophora | C25: Ageratina adenophora | D25: Ageratina adenophora | E25: Coinciden rWCVP y WFO; GBIF sin resultado | F25: Ageratina adenophora | G25: Ageratina adenophora | H25: Ageratina adenophora | I25: - | J25: - | K25: 3 | L25: Ageratina adenophora | M25: -
A26: Agrimonia.striata | B26: Agrimonia striata | D26: Agrimonia striata | E26: Coinciden GBIF y WFO; rWCVP sin resultado | F26: Agrimonia striata | G26: Agrimonia striata | H26: Agrimonia striata | I26: - | J26: - | K26: 3 | L26: Agrimonia striata | M26: -
A27: Agrimonia.pilosa | B27: Agrimonia pilosa | D27: Agrimonia pilosa | E27: Coinciden GBIF y WFO; rWCVP sin resultado | F27: Agrimonia pilosa | G27: Agrimonia pilosa | H27: Agrimonia pilosa | I27: - | J27: - | K27: 3 | L27: Agrimonia pilosa | M27: -
A28: Alcea.pallida | B28: Alcea pallida | C28: Alcea biennis | D28: Alcea biennis | E28: Coinciden rWCVP y WFO; GBIF es diferente | F28: Alcea biennis | G28: Alcea biennis | H28: Alcea biennis | I28: - | J28: - | K28: 3 | L28: Alcea biennis | M28: -
A29: Alisma.plantago.aquatica | C29: Alisma plantago-aquatica | D29: Alisma plantago-aquatica | E29: Coinciden rWCVP y WFO; GBIF sin resultado | F29: Alisma plantago-aquatica | G29: Alisma plantago-aquatica | H29: Alisma plantago-aquatica | I29: - | J29: - | K29: 3 | L29: Alisma plantago-aquatica | M29: -
A30: Alium.grayi | C30: Allium macrostemon | D30: Allium macrostemon | E30: Coinciden rWCVP y WFO; GBIF sin resultado | F30: Allium macrostemon | G30: Allium macrostemon | H30: Allium macrostemon | I30: - | J30: - | K30: 3 | L30: Allium macrostemon | M30: -
A31: Alkanna.tinctoria | B31: Alkanna tinctoria | D31: Alkanna tinctoria | E31: Coinciden GBIF y WFO; rWCVP sin resultado | F31: Alkanna tinctoria | G31: Alkanna tinctoria | H31: Alkanna tinctoria | I31: - | J31: - | K31: 3 | L31: Alkanna tinctoria | M31: -
A32: Allium.subhirsutum | B32: Allium subhirsutum | D32: Allium subhirsutum | E32: Coinciden GBIF y WFO; rWCVP sin resultado | F32: Allium subhirsutum | G32: Allium subhirsutum | H32: Allium subhirsutum | I32: - | J32: - | K32: 3 | L32: Allium subhirsutum | M32: -
A33: Allium.ampeloprasum | B33: Allium ampeloprasum | D33: Allium ampeloprasum | E33: Coinciden GBIF y WFO; rWCVP sin resultado | F33: Allium ampeloprasum | G33: Allium ampeloprasum | H33: Allium ampeloprasum | I33: - | J33: - | K33: 3 | L33: Allium ampeloprasum | M33: -
A34: Alstroemeria.aurea | B34: Alstroemeria aurea | D34: Alstroemeria aurea | E34: Coinciden GBIF y WFO; rWCVP sin resultado | F34: Alstroemeria aurea | G34: Alstroemeria aurea | H34: Alstroemeria aurea | I34: - | J34: - | K34: 3 | L34: Alstroemeria aurea | M34: -
A35: Alstromemeria.pallida | C35: Alstroemeria pallida | D35: Alstroemeria pallida | E35: Coinciden rWCVP y WFO; GBIF sin resultado | F35: Alstroemeria pallida | G35: Alstroemeria pallida | H35: Alstroemeria pallida | I35: - | J35: - | K35: 3 | L35: Alstroemeria pallida | M35: -
A36: Alternanthera.ficoidea | B36: Alternanthera ficoidea | D36: Alternanthera ficoidea | E36: Coinciden GBIF y WFO; rWCVP sin resultado | F36: Alternanthera ficoidea | G36: Alternanthera ficoidea | H36: Alternanthera ficoidea | I36: - | J36: - | K36: 3 | L36: Alternanthera ficoidea | M36: -
A37: Alyssum.maritimum | B37: Lobularia maritima | C37: Lobularia maritima | D37: Lobularia maritima subsp. maritima | E37: Coinciden GBIF y rWCVP; WFO es diferente | F37: Lobularia maritima subsp. maritima | G37: Lobularia maritima subsp. maritima | H37: Lobularia maritima subsp. maritima | I37: - | J37: - | K37: 3 | L37: Lobularia maritima subsp. maritima | M37: -
A38: Amelanchier.canadensis | B38: Amelanchier canadensis | D38: Amelanchier canadensis | E38: Coinciden GBIF y WFO; rWCVP sin resultado | F38: Amelanchier canadensis | G38: Amelanchier canadensis | H38: Amelanchier canadensis | I38: - | J38: - | K38: 3 | L38: Amelanchier canadensis | M38: -
A39: Ammannia.coccinea | B39: Ammannia coccinea | D39: Ammannia coccinea | E39: Coinciden GBIF y WFO; rWCVP sin resultado | F39: Ammannia coccinea | G39: Ammannia coccinea | H39: Ammannia coccinea | I39: - | J39: - | K39: 3 | L39: Ammannia coccinea | M39: -
A40: Amorpha.fruticosa | B40: Amorpha fruticosa | D40: Amorpha fruticosa | E40: Coinciden GBIF y WFO; rWCVP sin resultado | F40: Amorpha fruticosa | G40: Amorpha fruticosa | H40: Amorpha fruticosa | I40: - | J40: - | K40: 3 | L40: Amorpha fruticosa | M40: -
A41: Ampelopsis.brevipedunculata | B41: Ampelopsis brevipedunculata | C41: Ampelopsis glandulosa var. brevipedunculata | D41: Ampelopsis glandulosa var. brevipedunculata | E41: Coinciden rWCVP y WFO; GBIF es diferente | F41: Ampelopsis glandulosa var. brevipedunculata | G41: Ampelopsis glandulosa var. brevipedunculata | H41: Ampelopsis glandulosa var. brevipedunculata | I41: - | J41: - | K41: 3 | L41: Ampelopsis glandulosa var. brevipedunculata | M41: -
A42: Amphicarpa.pitcheri | C42: Amphicarpaea bracteata | D42: Amphicarpaea bracteata | E42: Coinciden rWCVP y WFO; GBIF sin resultado | F42: Amphicarpaea bracteata | G42: Amphicarpaea bracteata | H42: Amphicarpaea bracteata | I42: - | J42: - | K42: 3 | L42: Amphicarpaea bracteata | M42: -
A43: Anacyclus.radiatus | B43: Anacyclus radiatus | C43: Anacyclus radiatus | D43: Porophyllum ruderale subsp. macrocephalum | E43: Coinciden GBIF y rWCVP; WFO es diferente | F43: Anacyclus radiatus | G43: - | H43: Anacyclus radiatus | I43: - | J43: - | K43: 2 | L43: Anacyclus radiatus | M43: -
A44: Anagallis.alternifolia | B44: Lysimachia lanceola | C44: Lysimachia amoena | D44: Lysimachia amoena | E44: Coinciden rWCVP y WFO; GBIF es diferente | F44: Lysimachia lanceola | G44: Lysimachia amoena | H44: Lysimachia amoena | I44: - | J44: - | K44: 2 | L44: Lysimachia amoena | M44: -
A45: Anagallis.arvensis | B45: Lysimachia arvensis subsp. arvensis | C45: Lysimachia arvensis | D45: Lysimachia arvensis | E45: Coinciden rWCVP y WFO; GBIF es diferente | F45: Lysimachia arvensis | G45: Lysimachia arvensis | H45: Lysimachia arvensis | I45: - | J45: - | K45: 3 | L45: Lysimachia arvensis | M45: -
A46: Anchusa.variegata | B46: Anchusella variegata | C46: Anchusa variegata | D46: Anchusa variegata | E46: Coinciden rWCVP y WFO; GBIF es diferente | F46: Anchusella variegata | G46: Anchusa variegata | H46: Anchusa variegata | I46: - | J46: - | K46: 2 | L46: Anchusa variegata | M46: -
A47: Anchusa.undulata | B47: Anchusa undulata | D47: Anchusa undulata | E47: Coinciden GBIF y WFO; rWCVP sin resultado | F47: Anchusa undulata | G47: Anchusa undulata | H47: Anchusa undulata | I47: - | J47: - | K47: 2 | L47: Anchusa undulata | M47: -
A48: Andromeda.glaucophylla | B48: Andromeda polifolia var. latifolia | C48: Andromeda polifolia var. latifolia | D48: Andromeda polifolia | E48: Coinciden GBIF y rWCVP; WFO es diferente | F48: Andromeda polifolia var. latifolia | G48: Andromeda polifolia var. latifolia | H48: Andromeda polifolia var. latifolia | I48: - | J48: - | K48: 2 | L48: Andromeda polifolia var. latifolia | M48: -
A49: Anemone.pavonina | B49: Anemone pavonina | C49: Anemone hortensis subsp. pavonina | D49: Anemone hortensis | E49: Los tres nombres aceptados son diferentes | F49: Anemone hortensis | G49: Anemone hortensis | H49: Anemone hortensis | I49: - | J49: - | K49: 3 | L49: Anemone hortensis | M49: -
A50: Anemonella.thalictroides | B50: Thalictrum thalictroides | C50: Anemonella thalictroides | D50: Anemonella thalictroides | E50: Coinciden rWCVP y WFO; GBIF es diferente | F50: Thalictrum thalictroides | G50: Anemonella thalictroides | H50: Thalictrum thalictroides | I50: - | J50: - | K50: 2 | L50: Thalictrum thalictroides | M50: -
A51: Anethum.graveolens | B51: Anethum graveolens | D51: Anethum graveolens | E51: Coinciden GBIF y WFO; rWCVP sin resultado | F51: Anethum graveolens | G51: Anethum graveolens | H51: Anethum graveolens | I51: - | J51: - | K51: 3 | L51: Anethum graveolens | M51: -
A52: Antenoron.filiforme | B52: Persicaria filiformis | C52: Persicaria filiformis | E52: Coinciden GBIF y rWCVP; WFO sin resultado | F52: Persicaria filiformis | G52: - | H52: Persicaria filiformis | I52: - | J52: - | K52: 2 | L52: Persicaria filiformis | M52: -
A53: Anthemis.cotula | B53: Anthemis cotula | D53: Anthemis cotula | E53: Coinciden GBIF y WFO; rWCVP sin resultado | F53: Anthemis cotula | G53: Anthemis cotula | H53: Anthemis cotula | I53: - | J53: - | K53: 3 | L53: Anthemis cotula | M53: -
A54: Antidesma.joponicum | C54: Antidesma japonicum | D54: Antidesma japonicum | E54: Coinciden rWCVP y WFO; GBIF sin resultado | F54: Antidesma japonicum | G54: Antidesma japonicum | H54: Antidesma japonicum | I54: - | J54: - | K54: 3 | L54: Antidesma japonicum | M54: -
A55: Appolonias.barbujana | C55: Persea barbujana | D55: Persea barbujana | E55: Coinciden rWCVP y WFO; GBIF sin resultado | F55: Apollonias barbujana | G55: Persea barbujana | H55: Persea barbujana | I55: - | J55: - | K55: 2 | L55: Persea barbujana | M55: -
A56: Aquilegia.canadensis | B56: Aquilegia canadensis | D56: Aquilegia canadensis | E56: Coinciden GBIF y WFO; rWCVP sin resultado | F56: Aquilegia canadensis | G56: Aquilegia canadensis | H56: Aquilegia canadensis | I56: - | J56: - | K56: 2 | L56: Aquilegia canadensis | M56: -
A57: Arabis.dentata | D57: Borodinia dentata | E57: Falta resultado en una o más fuentes | F57: - | G57: Borodinia dentata | H57: Borodinia dentata | I57: - | J57: - | K57: 2 | L57: Borodinia dentata | M57: -
A58: Arabis.alpina | B58: Arabis alpina | D58: Arabis alpina | E58: Coinciden GBIF y WFO; rWCVP sin resultado | F58: Arabis alpina | G58: Arabis alpina | H58: Arabis alpina | I58: - | J58: - | K58: 3 | L58: Arabis alpina | M58: -
A59: Arabis.lyrata.kamtschatica | B59: Arabidopsis lyrata subsp. kamchatica | C59: Arabidopsis lyrata subsp. kamchatica | D59: Arabidopsis lyrata subsp. lyrata | E59: Coinciden GBIF y rWCVP; WFO es diferente | F59: Arabidopsis lyrata subsp. kamchatica | G59: Arabidopsis kamchatica subsp. kamchatica | H59: Arabidopsis lyrata subsp. kamchatica | I59: - | J59: - | K59: 2 | L59: Arabidopsis lyrata subsp. kamchatica | M59: -
A60: Arabis.laevigata | B60: Arabis laevigata | D60: Borodinia laevigata | E60: Falta resultado en una o más fuentes | F60: Borodinia laevigata | G60: Borodinia laevigata | H60: Borodinia laevigata | I60: - | J60: - | K60: 3 | L60: Borodinia laevigata | M60: -
A61: Arabis.virginica | B61: Arabis virginica | C61: Planodes virginicum | D61: Planodes virginicum | E61: Coinciden rWCVP y WFO; GBIF es diferente | F61: Planodes virginicum | G61: Planodes virginicum | H61: Planodes virginicum | I61: - | J61: - | K61: 3 | L61: Planodes virginicum | M61: -
A62: Arabis.hirsuta | B62: Arabis hirsuta | D62: Arabis hirsuta | E62: Coinciden GBIF y WFO; rWCVP sin resultado | F62: Arabis hirsuta | G62: Arabis hirsuta | H62: Arabis hirsuta | I62: - | J62: - | K62: 3 | L62: Arabis hirsuta | M62: -
A63: Arabis.glabra | F63: Turritis glabra | G63: Turritis glabra | H63: Turritis glabra | I63: - | J63: - | K63: 3 | L63: Turritis glabra | M63: -
A64: Aragalus.lamberti | C64: Oxytropis lambertii | D64: Oxytropis lambertii | E64: Coinciden rWCVP y WFO; GBIF sin resultado | F64: Oxytropis lambertii var. lambertii | G64: Oxytropis lambertii var. lambertii | H64: Oxytropis lambertii var. lambertii | I64: - | J64: - | K64: 3 | L64: Oxytropis lambertii var. lambertii | M64: -
A65: Aralia.nudicaulis | B65: Aralia nudicaulis | D65: Aralia nudicaulis | E65: Coinciden GBIF y WFO; rWCVP sin resultado | F65: Aralia nudicaulis | G65: Aralia nudicaulis | H65: Aralia nudicaulis | I65: - | J65: - | K65: 3 | L65: Aralia nudicaulis | M65: -
A66: Aralta.elata | C66: Aralia elata | D66: Aralia elata | E66: Coinciden rWCVP y WFO; GBIF sin resultado | F66: Aralia elata | G66: Aralia elata | H66: Aralia elata | I66: - | J66: - | K66: 3 | L66: Aralia elata | M66: -
A67: Arctostaphylus.uva-ursi | C67: Arctostaphylos uva-ursi | D67: Arctostaphylos uva-ursi | E67: Coinciden rWCVP y WFO; GBIF sin resultado | F67: Arctostaphylos uva-ursi | G67: Arctostaphylos uva-ursi | H67: Arctostaphylos uva-ursi | I67: - | J67: - | K67: 3 | L67: Arctostaphylos uva-ursi | M67: -
A68: Argusia.argentea | B68: Heliotropium velutinum | C68: Heliotropium arboreum | D68: Heliotropium arboreum | E68: Coinciden rWCVP y WFO; GBIF es diferente | F68: Heliotropium velutinum | G68: Heliotropium arboreum | H68: Heliotropium arboreum | I68: - | J68: - | K68: 2 | L68: Heliotropium arboreum | M68: -
A69: Aristolochia.tomentosa | B69: Isotrema tomentosum | C69: Aristolochia tomentosa | D69: Aristolochia tomentosa | E69: Coinciden rWCVP y WFO; GBIF es diferente | F69: Isotrema tomentosum | G69: Aristolochia tomentosa | H69: Aristolochia tomentosa | I69: - | J69: - | K69: 2 | L69: Aristolochia tomentosa | M69: -
A70: Armeria.scabra | B70: Armeria scabra | D70: Armeria curvifolia | E70: Falta resultado en una o más fuentes | F70: Armeria scabra | G70: Armeria maritima subsp. sibirica | H70: Armeria maritima subsp. sibirica | I70: - | J70: - | K70: 2 | L70: Armeria maritima subsp. sibirica | M70: -
A71: Arnica.angustifolia | B71: Arnica angustifolia | D71: Arnica angustifolia | E71: Coinciden GBIF y WFO; rWCVP sin resultado | F71: Arnica angustifolia | G71: Arnica angustifolia | H71: Arnica angustifolia | I71: - | J71: - | K71: 3 | L71: Arnica angustifolia | M71: -
A72: Arnica.alpina | D72: Arnica montana | E72: Falta resultado en una o más fuentes | F72: Arnica angustifolia subsp. alpina | G72: Arnica angustifolia subsp. alpina | H72: Arnica angustifolia subsp. alpina | I72: - | J72: - | K72: 3 | L72: Arnica angustifolia subsp. alpina | M72: -
A73: Ascerates.floridana | C73: Asclepias longifolia | D73: Asclepias longifolia | E73: Coinciden rWCVP y WFO; GBIF sin resultado | F73: - | G73: Asclepias longifolia | H73: Asclepias longifolia | I73: - | J73: - | K73: 2 | L73: Asclepias longifolia | M73: -
A74: Ascerates.viridiflora | C74: Asclepias viridiflora | D74: Asclepias viridiflora | E74: Coinciden rWCVP y WFO; GBIF sin resultado | F74: Asclepias viridiflora | G74: Asclepias viridiflora | H74: Asclepias viridiflora | I74: - | J74: - | K74: 3 | L74: Asclepias viridiflora | M74: -
A75: Asclepias.sullivantii | B75: Asclepias sullivantii | D75: Asclepias sullivantii | E75: Coinciden GBIF y WFO; rWCVP sin resultado | F75: Asclepias sullivantii | G75: Asclepias sullivantii | H75: Asclepias sullivantii | I75: - | J75: - | K75: 3 | L75: Asclepias sullivantii | M75: -
A76: Asclepias.purpurascens | B76: Asclepias purpurascens | D76: Asclepias purpurascens | E76: Coinciden GBIF y WFO; rWCVP sin resultado | F76: Asclepias purpurascens | G76: Asclepias purpurascens | H76: Asclepias purpurascens | I76: - | J76: - | K76: 3 | L76: Asclepias purpurascens | M76: -
A77: Ascleptas.curassavica | D77: Asclepias curassavica | E77: Falta resultado en una o más fuentes | F77: Asclepias curassavica | G77: Asclepias curassavica | H77: Asclepias curassavica | I77: - | J77: - | K77: 3 | L77: Asclepias curassavica | M77: -
A78: Asiminia.triloba | C78: Asimina triloba | D78: Asimina triloba | E78: Coinciden rWCVP y WFO; GBIF sin resultado | F78: Asimina triloba | G78: Asimina triloba | H78: Asimina triloba | I78: - | J78: - | K78: 3 | L78: Asimina triloba | M78: -
A79: Aster.glehni | B79: Kitamuria glehnii | C79: Aster glehnii | D79: Aster glehnii | E79: Coinciden rWCVP y WFO; GBIF es diferente | F79: Kitamuria glehnii | G79: Aster glehnii | H79: Aster glehnii | I79: - | J79: - | K79: 2 | L79: Aster glehnii | M79: -
A80: Aster.paniculatus | B80: Aster paniculatus | D80: Aster paniculatus | E80: Coinciden GBIF y WFO; rWCVP sin resultado | F80: Symphyotrichum lanceolatum var. lanceolatum | G80: Symphyotrichum lanceolatum var. lanceolatum | H80: Symphyotrichum undulatum | I80: Symphyotrichum ciliolatum | J80: Symphyotrichum undulatum | K80: 3 | L80: Symphyotrichum lanceolatum var. lanceolatum | M80: https://www.nordic-baltic-genebanks.org/gringlobal/taxon/taxonomydetail?id=5654&utm_source=chatgpt.com
A81: Aster.scaber | B81: Aster scaber | D81: Aster scaber | E81: Coinciden GBIF y WFO; rWCVP sin resultado | F81: Aster scaber | G81: Aster scaber | H81: Aster scaber | I81: - | J81: - | K81: 3 | L81: Aster scaber | M81: -
A82: Aster.ericoides.villosus | B82: Symphyotrichum pilosum | C82: Symphyotrichum pilosum var. pilosum | D82: Symphyotrichum pilosum | E82: Coinciden GBIF y WFO; rWCVP es diferente | F82: Symphyotrichum pilosum | G82: Symphyotrichum pilosum | H82: Symphyotrichum pilosum | I82: - | J82: - | K82: 3 | L82: Symphyotrichum pilosum | M82: -
A83: Aster.multiflorus | B83: Aster multiflorus | E83: Falta resultado en una o más fuentes | F83: Symphyotrichum ericoides | G83: Symphyotrichum ericoides | H83: Symphyotrichum ericoides var. ericoides | I83: Symphyotrichum racemosum | J83: Symphyotrichum ericoides | K83: 4 | L83: Symphyotrichum ericoides | M83: S. F. Blake (1930). THE NAMES ASTER ERICOIDES AND A. MULTIFLORUS. Rhodora, 32(379), 136–140. doi:10.2307/23300630
A84: Aster.sagittifolius | D84: Symphyotrichum undulatum | E84: Falta resultado en una o más fuentes | F84: Symphyotrichum undulatum | G84: Symphyotrichum undulatum | H84: Symphyotrichum undulatum | I84: - | J84: - | K84: 3 | L84: Symphyotrichum undulatum | M84: -
A85: Aster.salicifolius | B85: Aster salicifolius | D85: Aster salicifolius | E85: Coinciden GBIF y WFO; rWCVP sin resultado | F85: Symphyotrichum boreale | G85: Symphyotrichum boreale | H85: Symphyotrichum boreale | I85: - | J85: - | K85: 3 | L85: Symphyotrichum boreale | M85: -
A86: Aster.ageratoides.ovatus | B86: Aster microcephalus var. ovatus | C86: Aster microcephalus var. ovatus | D86: Aster ageratoides | E86: Coinciden GBIF y rWCVP; WFO es diferente | F86: Aster microcephalus var. ovatus | G86: Aster ovatus | H86: Aster microcephalus var. ovatus | I86: - | J86: - | K86: 2 | L86: Aster microcephalus var. ovatus | M86: -
A87: Aster.ageratoides.amplexifolius | B87: Aster satsumensis | C87: Aster ageratoides var. ageratoides | D87: Aster ageratoides | E87: Los tres nombres aceptados son diferentes | F87: Aster ageratoides | G87: Aster ageratoides subsp. amplexifolius | H87: Aster ageratoides subsp. amplexifolius | I87: - | J87: - | K87: 2 | L87: Aster ageratoides subsp. amplexifolius | M87: -
A88: Aster.subulatus | D88: Aster subulatus | E88: Falta resultado en una o más fuentes | F88: Symphyotrichum subulatum | G88: Aster subulatus | H88: Symphyotrichum subulatum | I88: Symphyotrichum subulatum | J88: Symphyotrichum subulatum | K88: 5 | L88: Symphyotrichum subulatum | M88: https://www.wildflower.org/plants/result.php?id_plant=sysu5
A89: Aster.asa-grayi | B89: Heteropappus ciliosus | C89: Aster asagrayi | D89: Aster asa-grayi | E89: Los tres nombres aceptados son diferentes | F89: Aster ciliosus | G89: Aster asa-grayi | H89: Aster asagrayi | I89: - | J89: - | K89: 2 | L89: Aster asagrayi | M89: -
A90: Astragalus.mexicanus | D90: Astragalus crassicarpus var. berlandieri | E90: Falta resultado en una o más fuentes | F90: Astragalus neomexicanus | G90: Astragalus crassicarpus var. berlandieri | H90: Astragalus crassicarpus var. berlandieri | I90: - | J90: - | K90: 2 | L90: Astragalus crassicarpus var. berlandieri | M90: -
A91: Astragalus.alpinus | B91: Astragalus alpinus | D91: Astragalus alpinus | E91: Coinciden GBIF y WFO; rWCVP sin resultado | F91: Astragalus alpinus | G91: Astragalus alpinus | H91: Astragalus alpinus | I91: - | J91: - | K91: 3 | L91: Astragalus alpinus | M91: -
A92: Azorina.vidalii | B92: Campanula vidalii | C92: Campanula vidalii | D92: Azorina vidalii | E92: Coinciden GBIF y rWCVP; WFO es diferente | F92: Campanula vidalii | G92: Azorina vidalii | H92: Campanula vidalii | I92: - | J92: - | K92: 2 | L92: Campanula vidalii | M92: -
A93: Baccharis.tandilensis | B93: Baccharis dracunculifolia subsp. tandilensis | C93: Baccharis dracunculifolia subsp. tandilensis | D93: Baccharis dracunculifolia | E93: Coinciden GBIF y rWCVP; WFO es diferente | F93: Baccharis dracunculifolia subsp. tandilensis | G93: Baccharis dracunculifolia | H93: Baccharis dracunculifolia subsp. tandilensis | I93: - | J93: - | K93: 2 | L93: Baccharis dracunculifolia subsp. tandilensis | M93: -
A94: Baccharis.pingraea | C94: Baccharis glutinosa var. glutinosa | D94: Baccharis glutinosa | E94: Falta resultado en una o más fuentes | F94: Baccharis glutinosa | G94: Baccharis glutinosa | H94: Baccharis glutinosa | I94: - | J94: - | K94: 3 | L94: Baccharis glutinosa | M94: -
A95: Baccharis.trimera | B95: Baccharis trimera | C95: Baccharis trimera | D95: Baccharis genistelloides subsp. crispa | E95: Coinciden GBIF y rWCVP; WFO es diferente | F95: Baccharis trimera | G95: Baccharis genistelloides subsp. crispa | H95: Baccharis trimera | I95: - | J95: - | K95: 2 | L95: Baccharis trimera | M95: -
A96: Bacopa.monniera | B96: Bacopa monniera | C96: Bacopa monnieri | D96: Bacopa monnieri | E96: Coinciden rWCVP y WFO; GBIF es diferente | F96: Bacopa monnieri | G96: Bacopa monnieri | H96: Bacopa monnieri | I96: - | J96: - | K96: 3 | L96: Bacopa monnieri | M96: -
A97: Badula.platiphylla | B97: Badula platyphylla | D97: Badula platyphylla | E97: Coinciden GBIF y WFO; rWCVP sin resultado | F97: Badula platyphylla | G97: Badula platyphylla | H97: Badula platyphylla | I97: - | J97: - | K97: 3 | L97: Badula platyphylla | M97: -
A98: Baeckia.gunniana | C98: Baeckea gunniana | D98: Baeckea gunniana | E98: Coinciden rWCVP y WFO; GBIF sin resultado | F98: Baeckea gunniana | G98: Baeckea gunniana | H98: Baeckea gunniana | I98: - | J98: - | K98: 3 | L98: Baeckea gunniana | M98: -
A99: Baptisia.leucantha | B99: Baptisia alba var. macrophylla | C99: Baptisia lactea var. lactea | D99: Baptisia lactea var. lactea | E99: Coinciden rWCVP y WFO; GBIF es diferente | F99: Baptisia lactea var. lactea | G99: Baptisia lactea var. lactea | H99: Baptisia lactea var. lactea | I99: - | J99: - | K99: 3 | L99: Baptisia lactea var. lactea | M99: -
A100: Bauhinia.divaricata | B100: Bauhinia divaricata | D100: Bauhinia divaricata | E100: Coinciden GBIF y WFO; rWCVP sin resultado | F100: Bauhinia divaricata | G100: Bauhinia divaricata | H100: Bauhinia divaricata | I100: - | J100: - | K100: 3 | L100: Bauhinia divaricata | M100: -
...
